zip,neighborhood
02118,Boston South End
02119,Roxbury
02120,Roxbury Mission Hill
02130,Jamaica Plain
02134,Allston
02135,Brighton
02108,Beacon  Hill
02114,West End
02115,Fenway
02116,Back Bay
02215,Kenmore
02128,East Boston
02129,Charlestown
02124,Dorchester Center
02126,Mattapan
02131,Roslindale
02132,West Roxbury
02136,Hyde Park
02109,Boston (Faneuil Hall marketplace/ north end)
02110,Boston (downtown crossing/ financial district)
02111,Boston (Chinatown/ Tufts Medical)
02113,North End
02121,Dorchester Grove Hall
02122,Dorchester
02125,Dorchester Uphams Corner
02127,South Boston
02210,Boston
