orgcode,address
04450105,"10 New Bond Street, Worcester, MA 01606"
00010505,"201 Gliniewicz Way, Abington, MA 02351"
00010003,"1 Ralph Hamlin Lane, Abington, MA 02351"
00010002,"65 Thaxter Avenue, Abington, MA 02351"
00010405,"1071 Washington Street, Abington, MA 02351"
00010015,"128 Chestnut Street, Abington, MA 02351"
04120530,"1 Westinghouse Plaza, Hyde Park, MA 02136"
06000505,"36 Charter Rd, Acton, MA 01720"
06000005,"493 Massachusetts Avenue, Boxborough, MA 01719"
06000020,"21 Elm Street, Acton, MA 01720"
06000030,"80 Taylor Road, Acton, MA 01720"
06000015,"11 Charter Road, Acton, MA 01720"
06000010,"11 Charter Road, Acton, MA 01720"
06000025,"75 Spruce Street, Acton, MA 01720"
06000405,"16 Charter Rd, Acton, MA 01720"
00030025,"800 Middle Road, Acushnet, MA 02743"
00030305,"708 Middle Road, Acushnet, MA 02743"
06030004,"191 Church Street, Cheshire, MA 01225"
06030505,"125 Savoy Road, Cheshire, MA 01225"
06030020,"14 Commercial Street, Adams, MA 01220"
04300305,"201 Forest Street, Marlborough, MA 01752"
00050003,"108 Perry Lane, Agawam, MA 01001"
00050505,"760 Cooper Street, Agawam, MA 01001"
00050405,"1305 Springfield St, Suite 2, Feeding Hills, MA 01030"
00050020,"689 Main Street, Agawam, MA 01001"
00050010,"31 So. Westfield Street, Feeding Hills, MA 01030"
00050030,"65 Oxford Street, Agawam, MA 01001"
00050303,"68 Main Street, Agawam, MA 01001"
00050025,"65 Begley Street, Agawam, MA 01001"
04090205,"26 Madeira Ave, New Bedford, MA 02746"
00070005,"20 South Hampton Road, Amesbury, MA 01913"
00070505,"5 Highland Street, Amesbury, MA 01913"
00070013,"220 Main Street, Amesbury, MA 01913"
00070010,"193 Lions Mouth Road, Amesbury, MA 01913"
04150505,"71 Friend Street, Amesbury, MA 01913"
00080009,"280 West Street, Amherst, MA 01002"
00080020,"70 So East Street, Amherst, MA 01002"
00080050,"71 Strong Street, Amherst, MA 01002"
06050505,"21 Mattoon Street, Amherst, MA 01002"
06050405,"170 Chestnut Street, Amherst, MA 01002"
00090505,"80 Shawsheen Road, Andover, MA 01810"
00090310,"70 Shawsheen Road, Andover, MA 01810"
00090003,"15 Bancroft Street, Andover, MA 01810"
00090305,"50 Bartlet Street, Andover, MA 01810"
00090010,"90 Lovejoy Road, Andover, MA 01810"
00090004,"333 High Plain Road, Andover, MA 01810"
00090005,"18 Magnolia Avenue, Andover, MA 01810"
00090020,"55 Woburn Street, Andover, MA 01810"
00090025,"58 Beacon Street, Andover, MA 01810"
00090350,"11 Cross Street, Andover, MA 01810"
35090305,"263 Hamlet Street, Fall River, MA 02724"
00100505,"869 Mass Avenue, Arlington, MA 02476"
00100010,"66 Eastern Avenue, Arlington, MA 02476"
00100025,"185 Florence Avenue, Arlington, MA 02476"
00100030,"52 Lake Street, Arlington, MA 02474"
00100005,"25 Columbia Road, Arlington, MA 02474"
00100055,"180 Mountain Avenue, Arlington, MA 02474"
00100038,"869 Massachusetts Avenue, Arlington, MA 02476"
00100410,"63 Acton Street, Arlington, MA 02476"
00100045,"85 Park Avenue Ext, Arlington, MA 02474"
00100050,"187 Everett Street, Arlington, MA 02474"
06100025,"96 Williams Rd, Ashburnham, MA 01430"
06100010,"8 South Street, Westminster, MA 01473"
06100505,"9 Oakmont Drive, Ashburnham, MA 01430"
06100305,"10 Oakmont Drive, Ashburnham, MA 01430"
06100005,"9 Academy Hill, Westminster, MA 01473"
00140505,"65 East Union St., Ashland, MA 01721"
00140405,"87 West Union Street, Ashland, MA 01721"
00140015,"90 Concord Street, Ashland, MA 01721"
00140010,"73 Fruit Street, Ashland, MA 01721"
00140005,"75 Central Street, Ashland, MA 01721"
08010605,"215 Fitchburg Street, Marlborough, MA 01752"
06150505,"2363 Main Street, Athol, MA 01331"
06150305,"1062 Pleasant Street, Athol, MA 01331"
06150016,"1060 Pleasant Street, Athol, MA 01331"
06150020,"174 Riverbend Street, Athol, MA 01331"
06150050,"96 Winchendon Rd, Royalston, MA 01368"
04910550,"37 Park Street, Fall River, MA 02721"
00160001,"299 Rathbun Willard Drive, Attleboro, MA 02703"
00160515,"100 Rathbun Willard Drive, Attleboro, MA 02703"
00160505,"100 Rathbun Willard Drive, Attleboro, MA 02703"
00160315,"320 Rathbun Willard Drive, Attleboro, MA 02703"
00160008,"7 James St, Attleboro, MA 02703"
00160045,"80 Roy Avenue, Attleboro, MA 02703"
00160040,"790 Oak Hill Avenue, Attleboro, MA 02703"
00160050,"160 James Street, Attleboro, MA 02703"
00160305,"99 Brown Street, Attleboro, MA 02703"
00160035,"32 Watson Avenue, Attleboro, MA 02703"
00160320,"300 Locust Street, Attleboro, MA 02703"
00170305,"10 Swanson Road, Auburn, MA 01501"
00170505,"99 Auburn Street, Auburn, MA 01501"
00170010,"35 Swanson Road, Auburn, MA 01501"
00170005,"3 Vinal Street, Auburn, MA 01501"
00170025,"10 Church Street, Auburn, MA 01501"
00170015,"110 Pakachoag Street, Auburn, MA 01501"
00180510,"287 West Main Street, Avon, MA 02322"
00180010,"1 Patrick Clark Drive, Avon, MA 02322"
06160505,"141 Washington Street, Ayer, MA 01432"
06160305,"1 Hospital Road, Shirley, MA 01464"
06160001,"34 Lancaster Road, Shirley, MA 01464"
06160002,"115 Washington Street, Ayer, MA 01432"
00200505,"744 West Main Street, Hyannis, MA 02601"
00200315,"895 Falmouth Road, Hyannis, MA 02601"
00200050,"730 Osterville West Barnstable Road, Marston Mills, MA 02648"
00200010,"658 Bay Ln, Centerville, MA 02632"
00200025,"549 West Main Street, Hyannis, MA 02601"
00200005,"2463 Main St Route 6A, West Barnstable, MA 02668"
00200045,"760 Osterville-West Barnstable Road, Marstons Mills, MA 02648"
04270010,"165 Bearses Way, Hyannis, MA 02601"
35020405,"334 Franklin Street, Springfield, MA 01104"
00230505,"9 Mudge Way, Bedford, MA 01730"
00230305,"99 McMahon Road, Bedford, MA 01730"
00230010,"410 Davis Rd, Bedford, MA 01730"
00230012,"66 Sweetwater Avenue, Bedford, MA 01730"
00240505,"142 Springfield Road, Belchertown, MA 01007"
00240006,"59 State Street, Belchertown, MA 01007"
00240005,"57 South Main Street, Belchertown, MA 01007"
00240025,"62 North Washington Street, Belchertown, MA 01007"
00240018,"57 State Street, Belchertown, MA 01007"
00250003,"338 Hartford Avenue, Bellingham, MA 02019"
00250505,"60 Blackstone Street, Bellingham, MA 02019"
00250315,"130 Blackstone Street, Bellingham, MA 02019"
00250009,"60 Monique Dr, Bellingham, MA 02019"
00250510,"80 Harpin Street, Bellingham, MA 02019"
00250020,"70 Harpin Street, Bellingham, MA 02019"
00250025,"342 Hartford Avenue, Bellingham, MA 02019"
00260505,"221 Concord Avenue, Belmont, MA 02478"
00260015,"90 White Street, Belmont, MA 02478"
00260010,"266 School Street, Belmont, MA 02478"
00260035,"121 Orchard Street, Belmont, MA 02478"
00260005,"97 Waterhouse Rd, Belmont, MA 02478"
00260305,"95 Washington Street, Belmont, MA 02478"
04200205,"21 Notre Dame Avenue, Cambridge, MA 02140"
04470205,"201 Main Street, Franklin, MA 02038"
35110205,"25 Memorial Drive, Salem, MA 01970"
00270010,"59 South Main Street, Berkley, MA 02779"
00270305,"21 North Main Street, Berkley, MA 02779"
04140305,"One Commercial Place, PO Box 267, Adams, MA 01220"
06180505,"600 Stockbridge Road, Great Barrington, MA 01230"
06180310,"313 Monument Valley Rd, Great Barrington, MA 01230"
06180035,"318 Monumnet Valley Rd, Great Barrington, MA 01230"
00280005,"34 South Street, Berlin, MA 01503"
06200505,"1001 Main Street, Boylston, MA 01505"
00300055,"40 Woodland Avenue, Beverly, MA 01915"
00300505,"100 Sohier Rd, Beverly, MA 01915"
00300305,"7 Sohier Rd, Beverly, MA 01915"
00300010,"17 Hull Street, Beverly, MA 01915"
00300015,"20 Eisenhower Avenue, Beverly, MA 01915"
00300033,"41R Brimbal Avenue, Beverly, MA 01915"
00300040,"48 Putnam Street, Beverly, MA 01915"
00310505,"35 River Street, Billerica, MA 01821"
00310030,"121 Lexington Rd, Billerica, MA 01821"
00310007,"10 Biagiotti Way, North Billerica, MA 01862"
00310026,"59 Rogers Street, Billerica, MA 01862"
00310012,"20 Kimbrough Rd, Billerica, MA 01821"
00310310,"110 Allen Rd, Billerica, MA 01821"
00310305,"15 Floyd Street, Billerica, MA 01821"
00310015,"52 River Street, Billerica, MA 01821"
00310005,"39 Cook Street, Billerica, MA 01821"
08050605,"65 Pleasant Street, Upton, MA 01568"
06220015,"200 Lincoln Street, Blackstone, MA 01504"
06220505,"175 Lincoln Street, Blackstone, MA 01504"
06220405,"35 Federal Street, Blackstone, MA 01504"
06220008,"200 Lincoln Street, Blackstone, MA 01504"
06220010,"122 Berthelette Way, Millville, MA 01529"
08060605,"800 Randolph Street, Canton, MA 02021"
00350541,"20 Warren Street, Brighton, MA 02135"
00350003,"121 Corey Road, Brighton, MA 02135"
00350021,"5125 Washington Street, West Roxbury, MA 02132"
00350390,"380 Shawmut Avenue, Boston, MA 02118"
00350548,"20 Church St, Back Bay, MA 02116"
00350546,"174 Ipswich Street, Boston, MA 02215"
00350558,"655 Metropolitan Ave, Hyde Park, MA 02136"
00350507,"100 Maxwell St, Dorchester, MA 02124"
00350560,"78 Avenue Louis Pasteur, Boston, MA 02115"
00350545,"205 Townsend Street, Dorchester, MA 02121"
00350413,"215 Dorchester Street, South Boston, MA 02127"
00350012,"25 Walk Hill Street, Jamaica Plain, MA 02130"
00350505,"25 Warren Street, Brighton, MA 02135"
00350036,"396 Northampton Street, Boston, MA 02118"
00350054,"1060 Morton Street, Mattapan, MA 02126"
00350052,"15 Basile Street, Roslindale, MA 02131"
00350515,"240 Medford Street, Charlestown, MA 02129"
00350430,"28 Walker Street, Charlestown, MA 02129"
00350518,"25 Glen Road, Jamaica Plain, MA 02130"
00350581,"11 Charles Street, Dorchester, MA 02122"
00350020,"493 Centre St., Jamaica Plain, MA 02130"
00350062,"195 Leyden Street, East Boston, MA 02128"
00350066,"37 Grove Street, East Boston, MA 02128"
00350072,"302 Walnut Avenue, Roxbury, MA 02119"
00350074,"60 Washington St, Dorchester, MA 02121"
00350077,"570 American Legion Highway, Roslindale, MA 02131"
00350080,"122 Cottage Street, East Boston, MA 02128"
00350651,"11 Charles St, Dorchester, MA 02125"
00350008,"108 Babson Street, Mattapan, MA 02126"
00350266,"1669 Dorchester Avenue, Dorchester, MA 02122"
00350426,"18 Croftland Av  , Dorchester, MA 02124"
00350006,"200 Heath Street, Jamaica Plain, MA 02130"
00350009,"135 Grove Street, East Boston, MA 02128"
00350530,"86 White Street, East Boston, MA 02128"
00350375,"60 Glenmont Road, Brighton, MA 02135"
00350088,"71 Pleasant Street, Dorchester, MA 02125"
00350094,"612 Metropolitan Avenue, Hyde Park, MA 02136"
00350096,"16 Charter Street, Boston, MA 02113"
00350100,"164 School Street, Roxbury, MA 02119"
00350522,"95 G. Street, South Boston Education Complex, South Boston, MA 02127"
00350540,"174 Ipswich Street, Boston, MA 02215"
00350116,"95 Needham Road, Hyde Park, MA 02136"
00350326,"30 Athol Street, Allston, MA 02134"
00350122,"450 Poplar Street, Roslindale, MA 02131"
00350543,"80 School St, Roxbury, MA 02119"
00350200,"50 Bunker Hill Street, Charlestown, MA 02129"
00350010,"263 Blue Hill Avenue, Roxbury , MA 02119"
00350135,"40 Gordon Avenue, Hyde Park, MA 02136"
00350015,"160 Harrishof Street, Roxbury, MA 02119"
00350377,"131 Walnut Avenue, Roxbury, MA 02119"
00350750,"40 Armington  Street, Allston, MA 02134"
00350141,"33 Trenton Street, East Boston, MA 02128"
00350013,"40 Armington Street, Allston, MA 02134"
00350146,"200 D Street, South Boston, MA 02127"
00350154,"154 Ruskindale Road, Mattapan, MA 02126"
00350156,"218 Marion Street, East Boston, MA 02128"
00350485,"205 Roxbury Street, Roxbury, MA 02119"
00350153,"200 Heath Street, Jamaica Plain, MA 02130"
00350525,"60 Washington Street, Dorchester, MA 02121"
00350172,"40 Philbrick Street, Roslindale, MA 02131"
00350166,"7 Bolster Street, Jamaica Plain, MA 02130"
00350179,"315 Mt Vernon Street, Dorchester, MA 02125"
00350180,"35 Brookford Street, Dorchester, MA 02125"
00350182,"70 Worcester Street, Boston, MA 02118"
00350183,"155 Talbot Avenue, Dorchester, MA 02124"
00350184,"130 Louders Lane, Jamaica Plain, MA 02130"
00350181,"650 E.  Fourth Street, South Boston, MA 02127"
00350286,"885 Washington Street, Boston, MA 02111"
00350190,"35 Baker Street, West Roxbury, MA 02132"
00350376,"77 Lawrence Avenue, Dorchester, MA 02121"
00350001,"25 Dunbar Avenue, Dorchester, MA 02124"
00350383,"270 Columbia Road, Dorchester, MA 02121"
00350262,"20 Mt. Vernon Street, West Roxbury, MA 02132"
00350004,"50 Beechcroft Street, Brighton, MA 02135"
00350655,"95 Beechcroft Street, Brighton, MA 02135"
00350537,"75 Malcolm X Blvd, Roxbury, MA 02120"
00350215,"110 Beachview Road, East Boston, MA 02128"
00350549,"20 Child Street, Boston, MA 02130"
00350656,"312 Border Street, East Boston, MA 02128"
00350227,"1 Parish Street, Dorchester, MA 02122"
00350226,"100 Hebron Street, Mattapan, MA 02126"
00350229,"40 Smith St, Roxbury, MA 02120"
00350231,"50 Burke Street, South Boston, MA 02127"
00350378,"5 Mildred Avenue, Mattapan, MA 02126"
00350382,"20 Child Street, Jamaica Plain, MA 02130"
00350237,"236 Beech Street, Roslindale, MA 02131"
00350243,"51 Cedar Street, Roxbury, MA 02119"
00350542,"655 Metropolitan Ave, Hyde Park, MA 02136"
00350138,"40 School Street, Dorchester, MA 02124"
00350575,"55 Malcolm X Blvd, Roxbury, MA 02120"
00350255,"745 E. 7th Street, South Boston, MA 02127"
00350257,"906 Albany Street, Roxbury, MA 02119"
00350264,"343 Saratoga Street, East Boston, MA 02128"
00350268,"325 Mt Vernon Street, Dorchester, MA 02125"
00350014,"429 Norfolk Street, Dorchester, MA 02124"
00350278,"426 Beech Street, Roslindale, MA 02131"
00350565,"152 Arlington Street, Boston, MA 02116"
00350691,"61 School Street, Roxbury, MA 02119"
00350240,"1 Worrell Street, Dorchester, MA 02122"
00350298,"35 Harvest Street, Dorchester, MA 02125"
00350302,"165 Webster Street, East Boston, MA 02128"
00350304,"150 Norfolk Avenue, Roxbury, MA 02119"
00350308,"189 Glenway Street, Dorchester, MA 02121"
00350690,"150 Newbury Street, Boston, MA 02116"
00350657,"9 Peacevale Road, Dorchester, MA 02124"
00350535,"144 McBride Street, Jamaica Plain, MA 02130"
00350328,"19 Oakton Avenue, Dorchester, MA 02122"
00350167,"85 Olney Street, Dorchester, MA 02121"
00350579,"1205 V.F.W. Parkway, West Roxbury, MA 02132"
00350346,"50 School Street, Charlestown, MA 02129"
00350445,"105 Cummins Highway, Roslindale, MA 02131"
00350658,"1205 V.F.W. Parkway, West Roxbury, MA 02132"
00350366,"750 Columbia Road, Dorchester, MA 02125"
00350360,"35 Sunnyside Street, Hyde Park, MA 02136"
00350258,"175 West  Boundary Road, West Roxbury, MA 02132"
00350363,"90 Warren Avenue, Boston, MA 02116"
00350370,"135 Humboldt Avenue, Dorchester, MA 02121"
00350374,"54 Dighton Street, Brighton, MA 02135"
00350470,"15 Everett Street, Hyde Park, MA 02136"
00350380,"20 Outlook Road, Mattapan, MA 02126"
04490305,"11 Mayhew Street, Dorchester, MA 02125"
04240505,"20 Kearsarge Ave, Roxbury, MA 02119"
04110305,"20 Warren St., Brighton, MA 02135"
04160305,"1286 Hyde Park Avenue, Hyde Park, MA 02136"
04810550,"1415 Hyde Park Ave, Hyde Park, MA 02136"
00360505,"75 Waterhouse Rd, Bourne, MA 02532"
00360325,"77 Waterhouse Road, Bourne, MA 02532"
00360005,"41 Ernest Valerie Road, Bournedale, MA 02532"
00360010,"70 Trowbridge Rd, Bourne, MA 02532"
00380005,"26 Middleton Rd, Boxford, MA 01921"
00380013,"31 Spofford Road, Boxford, MA 01921"
00390005,"200 Sewall Street, Boylston, MA 01505"
00400033,"260 Liberty Street, Braintree, MA 02184"
00400505,"128 Town Street, Braintree, MA 02184"
00400050,"20 Hayward Street, Braintree, MA 02184"
00400305,"305 River St., Braintree, MA 02184"
00400015,"144 Wildwood Avenue, Braintree, MA 02184"
00400005,"482 Washington Street, Braintree, MA 02184"
00400025,"49 Proctor Rd, Braintree, MA 02184"
00400020,"99 Lakeside Dr, Braintree, MA 02184"
00400009,"25 Brow Avenue, Braintree, MA 02184"
00400310,"232 Peach Street, Braintree, MA 02184"
00410010,"2298 Main Street, Brewster, MA 02631"
00410005,"384 Underpass Road, Brewster, MA 02631"
04170205,"2 McLellan Street, Dorchester, MA 02121"
06250320,"166 Mt. Prospect Street, Bridgewater, MA 02324"
06250505,"415 Center Street, Bridgewater, MA 02324"
06250050,"777 Pleasant Street, Raynham, MA 02767"
06250020,"687 Pleasant Street, Raynham, MA 02767"
06250002,"500 South Street, Bridgewater, MA 02324"
06250315,"420 Titicut Rd, Raynham, MA 02767"
06250300,"200 South Street, Bridgewater, MA 02324"
00430005,"22 Wales Rd, Brimfield, MA 01010"
09100705,"135 Center Street, Dighton, MA 02715"
08100605,"207 Hart Street, Taunton, MA 02780"
00440421,"225 Coe Road, Brockton, MA 02302"
00440080,"175 Warren Avenue, Brockton, MA 02301"
00440007,"45 Oakdale Street, Brockton, MA 02301"
00440515,"175 Warren Avenue, Brockton, MA 02301"
00440505,"470 Forest Avenue, Brockton, MA 02301"
00440010,"135 Jon Drive, Brockton, MA 02302"
00440110,"55 Electric Avenue, Brockton, MA 02302"
00440001,"135 Belmont Street, Brockton, MA 02301"
00440405,"464 Centre Street, Brockton, MA 02302"
00440023,"380 Plain Street, Brockton, MA 02302"
00440520,"470 Forest Avenue, Brockton, MA 02301"
00440050,"150 Clinton Street, Brockton, MA 02302"
00440400,"20 Union Street, Brockton, MA 02301"
00440045,"125 Pearl Street, Brockton, MA 02301"
00440055,"1121 Warren Avenue, Brockton, MA 02301"
00440017,"900 Ash Street, Brockton, MA 02301"
00440422,"250 Crescent Street, Brockton, MA 02302"
00440065,"472 North Main Street, Brockton, MA 02301"
00440003,"180 Colonel Bell Drive, Brockton, MA 02301"
00440002,"45 Quincy Street, Brockton, MA 02302"
00440410,"108 Oak Street, Brockton, MA 02301"
00440078,"125 Oak Street, Brockton, MA 02301"
00440415,"105 Keith Ave Ext, Brockton, MA 02301"
00440420,"271 West St, Brockton, MA 02301"
04570205,"94 Horace, East Boston, MA 02128"
04430205,"150 American Legion Highway, Boston, MA 02124"
04280305,"190 Cummins Highway, Roslindale, MA 02131"
00450005,"1 Central Street, Brookfield, MA 01506"
00460001,"115 Greenough Street, Room 109B, Brookline, MA 02445"
00460002,"194 Grove Street, Chestnut Hill, MA 02467"
00460505,"115 Greenough Street, Brookline, MA 02445"
00460005,"205 Beverly Rd, Chestnut Hill, MA 02467"
00460015,"345 Harvard Street, Brookline, MA 02446"
00460025,"100 Eliot Street, Chestnut Hill, MA 02467"
00460045,"50 Druce Street, Brookline, MA 02445"
00460030,"27 Francis Street, Brookline, MA 02446"
00460020,"64 Westbourne Terrace, Brookline, MA 02446"
00460040,"50 School Street, Brookline, MA 02446"
00460060,"599 Brookline Avenue, Brookline, MA 02445"
00460035,"19 Kennard Rd, Brookline, MA 02445"
00480505,"123 Cambridge Street, Burlington, MA 01803"
00480007,"1 Fox Hill Rd, Burlington, MA 01803"
00480035,"41 Terrace Hall Avenue, Burlington, MA 01803"
00480303,"114 Winn Street, Burlington, MA 01803"
00480015,"125 Winn Street, Burlington, MA 01803"
00480020,"1 Pine Glen Way, Burlington, MA 01803"
00490006,"15 Upton Street, Cambridge, MA 02139"
00490506,"459 Broadway Ave, Cambridge, MA 02138"
00490305,"850 Cambridge Street, Cambridge, MA 02141"
00490007,"89 Elm Street, Cambridge, MA 02139"
00490090,"225 Windsor Street, Cambridge, MA 02139"
00490080,"44 Linnaean Street, Cambridge, MA 02138"
00490020,"110 Cushing Street, Cambridge, MA 02138"
00490065,"197 Vassal Lane, Cambridge, MA 02138"
00490040,"158 Spring Street, Cambridge, MA 02141"
00490035,"850 Cambridge Street, Cambridge, MA 02141"
00490005,"28 Sacramento Street, Cambridge, MA 02138"
00490030,"359 Broadway Avenue, Cambridge, MA 02139"
00490045,"40 Granite Street, Cambridge, MA 02139"
00490050,"70 Rindge Avenue, Cambridge, MA 02140"
00490310,"158 Spring Street, Cambridge, MA 02141"
00490315,"70 Rindge Avenue, Cambridge, MA 02140"
00490320,"197 Vassal Lane, Cambridge, MA 02138"
00500505,"900 Washington Street, Canton, MA 02021"
00500020,"45 Independence St, Canton, MA 02021"
00500017,"100 Dedham Street, Canton, MA 02021"
00500012,"25 Pecunit Street, Canton, MA 02021"
00500010,"960 Washington Street, Canton, MA 02021"
00500305,"55 Pecunit Street, Canton, MA 02021"
04320530,"195 Route 137, East Harwich, MA 02645"
08150605,"351 Pleasant Lake Avenue, Harwich, MA 02645"
00510025,"83 School Street, Carlisle, MA 01741"
00520015,"85 Main Street, Carver, MA 02330"
00520405,"60 South Meadow Road, Carver, MA 02330"
06350005,"12 Maple Street, Becket, MA 01223"
06350010,"2 Main Street, Cummington, MA 01026"
06350025,"71 Park Avenue, Dalton, MA 01226"
06350035,"80 Maple Street, Hinsdale, MA 01235"
06350305,"35 Fox Road, Dalton, MA 01226"
06350505,"150 Windsor Rd, Dalton, MA 01226"
00560030,"25 Maple Road, Chelmsford, MA 01824"
00560005,"84 Billerica Road, Chelmsford, MA 01824"
00560025,"120 Richardson Rd, North Chelmsford, MA 01863"
00560505,"200 Richardson Rd, North Chelmsford, MA 01863"
00560305,"75 Graniteville Rd, Chelmsford, MA 01824"
00560001,"170 Dalton Road, Chelmsford, MA 01824"
00560310,"250 North Rd, Chelmsford, MA 01824"
00560015,"250 Boston Rd, Chelmsford, MA 01824"
00570505,"299 Everett Avenue, Chelsea, MA 02150"
00570050,"8 Clark Avenue, Chelsea, MA 02150"
00570030,"300 Crescent Avenue, Chelsea, MA 02150"
00570045,"180 Walnut Street, Chelsea, MA 02150"
00570040,"300 Crescent Avenue, Chelsea, MA 02150"
00570035,"300 Crescent Avenue, Chelsea, MA 02150"
00570055,"180 Walnut Street, Chelsea, MA 02150"
00570003,"99 Hawthorn Street, Chelsea, MA 02150"
00570025,"300 Crescent Avenue, Chelsea, MA 02150"
06320025,"30 Smith Rd, Chesterfield, MA 01012"
00610003,"44 Connell Street, Chicopee, MA 01020"
00610010,"125 Montgomery St., Chicopee, MA 01020"
00610305,"314 Pendleton Avenue, Chicopee, MA 01020"
00610015,"115 Hampden Street, Chicopee, MA 01013"
00610020,"80 D.A.R.E. Way, Chicopee, MA 01022"
00610021,"10 Southwick Street, Chicopee, MA 01020"
00610510,"617 Montgomery Street, Chicopee, MA 01020"
00610505,"820 Front Street, Chicopee, MA 01020"
00610310,"26 Memorial Avenue, Chicopee, MA 01020"
00610090,"720 Meadow Street, Chicopee, MA 01013"
00610040,"99 Kendall Street, Chicopee, MA 01020"
00610022,"135 Litwin Lane, Chicopee, MA 01020"
00610050,"12 D.A.R.E. Way, Chicopee, MA 01022"
00610065,"40 Streiber Drive, Chicopee, MA 01020"
00610001,"66 Macek Drive, Chicopee, MA 01013"
04180305,"139 Newbury St, Framingham, MA 01701"
04370505,"58 Circuit Street, Roxbury, MA 02119"
35040505,"2181 Washington Street, Roxbury , MA 02119"
35070505,"777 Church Street, New Bedford, MA 02745"
00630010,"777 W Crossroad, Clarksburg, MA 01247"
00640050,"100 Church Street, Clinton, MA 01510"
00640305,"100 West Boylston Street, Clinton, MA 01510"
00640505,"200 West Boylston Street, Clinton, MA 01510"
04380505,"637 Washington Street, Dorchester, MA 02124"
00650505,"143 Pond Street, Cohasset, MA 02025"
00650005,"208 Sohier St, Cohasset, MA 02025"
00650010,"210 Sohier St, Cohasset, MA 02025"
04360305,"245 Bent Street, Cambridge, MA 02141"
04260205,"50 Pleasant Street, Lawrence, MA 01841"
04400205,"190 Hampshire Street, Lawrence, MA 01840"
04310205,"50 Pleasant Street, Lawrence, MA 01841"
00670005,"93 Laurel Street, Concord, MA 01742"
00670305,"835 Old Marlboro Rd, Concord, MA 01742"
00670020,"29 Prairie Street, Concord, MA 01742"
00670030,"185 Powder Mill Rd, Concord, MA 01742"
06400505,"500 Walden Street, Concord, MA 01742"
04390050,"2120 Dorchester Avenue, Dorchester, MA 02124"
00680005,"24 Fournier Rd., Conway, MA 01341"
00710505,"60 Cabot Road, Danvers, MA 01923"
00710015,"76 Pickering Street, Danvers, MA 01923"
00710010,"190 Hobart, Danvers, MA 01923"
00710305,"55 Conant Street, Danvers, MA 01923"
00710032,"15 Lobao Drive, Danvers, MA 01923"
00710030,"95 Liberty Street, Danvers, MA 01923"
00710045,"1 Avon Rd, Danvers, MA 01923"
00720005,"746 Dartmouth Street, Dartmouth, MA 02748"
00720505,"555 Bakerville Road, Dartmouth, MA 02748"
00720050,"366 Slocum Road, North Dartmouth, MA 02747"
00720030,"185 Cross Rd, North Dartmouth, MA 02747"
00720040,"529 Hawthorn Street, Dartmouth, MA 02747"
00720015,"654 Dartmouth Street, South Dartmouth, MA 02748"
00730010,"336 High Street, Dedham, MA 02026"
00730505,"140 Whiting Avenue, Dedham, MA 02026"
00730305,"70 Whiting Avenue, Dedham, MA 02026"
00730005,"322 Sprague Street, Dedham, MA 02026"
00730025,"191 Greenlodge Street, Dedham, MA 02026"
00730030,"147 Cedar Street, Dedham, MA 02026"
00730045,"143 Needham Street, Dedham, MA 02026"
00740015,"21 Pleasant Street, South Deerfield, MA 01373"
06450505,"210 Station Avenue, South Yarmouth, MA 02664"
06450005,"810 Route 28, West Dennis, MA 02670"
06450015,"440 Higgins Crowell Rd, West Yarmouth, MA 02673"
06450305,"400 Higgins Crowell Rd, West Yarmouth, MA 02673"
06450050,"901 Route 134/Drwr R, South Dennis, MA 02660"
06450025,"276 Station Avenue, South Yarmouth, MA 02664"
06500005,"1250 Somerset Avenue, Dighton, MA 02715"
06500305,"1250R Somerset Avenue, Dighton, MA 02715"
06500505,"2700 Regional Rd, North Dighton, MA 02764"
06500310,"330R Winthrop Street, Rehoboth, MA 02769"
06500010,"326 Winthrop Street, Rehoboth, MA 02769"
04750505,"131 HANCOCK ST, DORCHESTER, MA 02125"
00770015,"19 Davis Street, Douglas, MA 01516"
00770505,"33 Davis Street, Douglas, MA 01516"
00770305,"19 Davis Street, Douglas, MA 01516"
00770005,"17 Gleason Court, Douglas, MA 01516"
00780005,"29 Cross Street, Dover, MA 02030"
06550505,"9 Junction Street, Dover, MA 02030"
06550405,"155 Farm Street, Dover, MA 02030"
00790035,"1560 Lakeview Avenue, Dracut, MA 01826"
00790505,"1540 Lakeview Avenue, Dracut, MA 01826"
00790045,"1580 Lakeview Ave, Dracut, MA 01826"
00790030,"37 Greenmont Avenue, Dracut, MA 01826"
00790020,"1021 Methuen Street, Dracut, MA 01826"
00790410,"1570 Lakeview Ave, Dracut, MA 01826"
00790515,"77 Parker Avenue, Dracut, MA 01826"
04070405,"6 Shirley Street, Boston, MA 02119"
06580020,"9 Burlingame Road, Charlton, MA 01507"
06580310,"2 Oxford Road, Charlton, MA 01507"
06580005,"16 School Street, Dudley, MA 01571"
06580305,"70 Dudley-Oxford Road, Dudley, MA 01571"
06580030,"34 Oxford Rd, Charlton, MA 01507"
06580010,"20 Mason Road, Dudley, MA 01571"
06580505,"68 Dudley Oxford Road, Dudley, MA 01571"
00820004,"75 Alden Street, Duxbury, MA 02332"
00820006,"93 Chandler Street, Duxbury, MA 02332"
00820505,"130 St. George Street, Duxbury, MA 02332"
00820305,"71 Alden Street, Duxbury, MA 02332"
00830005,"107 Central Street, East Bridgewater, MA 02333"
00830505,"143 Plymouth Street, East Bridgewater, MA 02333"
00830010,"435 Central Street, East Bridgewater, MA 02333"
00870305,"50 Hanward Hill, East Longmeadow, MA 01028"
00870505,"180 Maple Street, East Longmeadow, MA 01028"
00870010,"175 Mapleshade Avenue, East Longmeadow, MA 01028"
00870013,"607 Parker Street, East Longmeadow, MA 01028"
00870015,"77 Hampden Rd, East Longmeadow, MA 01028"
00850005,"200 Schoolhouse Road, Eastham, MA 02642"
00860005,"9 School Street, Easthampton, MA 01027"
00860505,"70 Williston Avenue, Easthampton, MA 01027"
00860010,"7 Chapel Street, Easthampton, MA 01027"
00860020,"4 Park Street, Easthampton, MA 01027"
00860305,"200 Park Street, Easthampton, MA 01027"
00880003,"388 Depot Street, South Easton, MA 02375"
00880405,"98 Columbus Avenue, North Easton, MA 02356"
00880020,"360 Washington Street, North Easton, MA 02356"
00880505,"100 Lothrop Street, North Easton, MA 02356"
00880015,"50 Spooner Street, North Easton, MA 02356"
00880025,"101 Lothrop Street, North Easton, MA 02356"
00890005,"35 Robinson Road, Edgartown, MA 02539"
04520505,"360 Huntington Avenue, c/o 102 Cahners Hall, Boston, MA 02115"
00910030,"28 Northfield Road, Erving, MA 01344"
08170505,"P.O. Box 346, Hathorne, MA 01937"
00930003,"78 Tileston Street, Everett, MA 02149"
00930030,"22 Church Street, Everett, MA 02149"
00930505,"100 Elm Street, Everett, MA 02149"
00930028,"20 Nichols Street, Everett, MA 02149"
00930038,"117 Edith Street, Everett, MA 02149"
00930018,"105 Woodville Street, Everett, MA 02149"
00930058,"587 Broadway Street, Everett, MA 02149"
00930010,"337 Broadway, Everett, MA 02149"
00930015,"30 Darmouth Street, Everett, MA 02149"
04100205,"58 Moore Street, East Boston, MA 02128"
00940010,"2 New Boston Road, Fairhaven, MA 02719"
00940505,"12 Huttleston Avenue, Fairhaven, MA 02719"
00940305,"30 School Street, Fairhaven, MA 02719"
00940030,"60 Sconticut Neck Road, Fairhaven, MA 02719"
00950055,"803 Bedford Street, Fall River, MA 02723"
00950505,"360 Elsbree Street, Fall River, MA 02720"
00950009,"525 Slade Street, Fall River, MA 02724"
00950017,"151 Amity Street, Fall River, MA 02721"
00950140,"711 Ray Street, Fall River, MA 02720"
00950045,"101 Fountain Street, Fall River, MA 02721"
00950013,"323 Anthony Street, Fall River, MA 02721"
00950011,"160 Wall Street, Fall River, MA 02720"
00950320,"52 Globe Mills Avenue, Fall River, MA 02724"
00950315,"1135 North Main Street, Fall River, MA 02720"
00950005,"1899 Meridian Street, Fall River, MA 02720"
00950335,"290 Rock Street, Fall River, MA 02720"
00950325,"290 Rock Street, Fall River, MA 02720"
00950145,"935 Eastern Avenue, Fall River, MA 02723"
00950130,"1400 President Avenue, Fall River, MA 02720"
00950326,"1207 Globe Street, Fall River, MA 02721"
00950305,"124 Melrose Street, Fall River, MA 02723"
00950065,"409 Cambridge Street, Fall River, MA 02721"
00960005,"33 Davisville Rd, East Falmouth, MA 02536"
00960505,"874 Gifford Street, Falmouth, MA 02540"
00960405,"113 Lakeview Avenue, Falmouth, MA 02540"
00960305,"323 Jones Road, Falmouth, MA 02540"
00960020,"130 Katherine Bates, Falmouth, MA 02540"
00960030,"62 Old Main Road, North Falmouth, MA 02556"
00960015,"45 Maravista Ext, Teaticket, MA 02536"
06620020,"555 N Main Street, PO Box 679, Otis, MA 01253"
00970315,"98 Academy Street, Fitchburg, MA 01420"
00970016,"200 Bigelow Dr, Fitchburg, MA 01420"
00970505,"140 Arn-How Farm Rd, Fitchburg, MA 01420"
00970510,"111 Goodrich Street, Fitchburg, MA 01420"
00970340,"67 Rindge Road, Fitchburg, MA 01420"
00970048,"615 Rollstone Street, Fitchburg, MA 01420"
00970043,"70 Reingold Avenue, Fitchburg, MA 01420"
00970060,"376 South Street, Fitchburg, MA 01420"
00980005,"56 North County Rd, Florida, MA 01247"
04130505,"248 Colrain Road, Greenfield, MA 01301"
00990050,"196 South Street, Foxborough, MA 02035"
00990505,"120 South Street, Foxborough, MA 02035"
00990405,"111 Mechanic Street, Foxborough, MA 02035"
00990015,"16 Morse Street, Foxborough, MA 02035"
00990020,"70 Carpenter Street, Foxborough, MA 02035"
04460550,"131 Central Street, Foxborough, MA 02035"
01000035,"100 Dudley Rd, Framingham, MA 01701"
01000006,"575 Pleasant Street, Framingham, MA 01701"
01000302,"215 Elm Street, Framingham, MA 01701"
01000007,"48 Frost Street, Framingham, MA 01701"
01000515,"115 A Street, Framingham, MA 01701"
01000305,"31 Flagg Drive, Framingham, MA 01701"
01000015,"729 Water Street, Framingham, MA 01701"
01000001,"29 Upper Joclyn Avenue, Framingham, MA 01701"
01000005,"454 Water Street, Framingham, MA 01701"
01000045,"25 Elm Street, Framingham, MA 01701"
01000050,"8 Flagg Drive, Framingham, MA 01701"
01000039,"492 Potter Rd, Framingham, MA 01701"
01000310,"301 Brook Street, Framingham, MA 01701"
01000055,"169 Leland Street, Framingham, MA 01702"
04780505,"49 Antietam St, Devens, MA 01434"
01010040,"500 Lincoln Street, Franklin, MA 02038"
01010035,"137 West Central Street, Franklin, MA 02038"
01010003,"224 Oak Street, Franklin, MA 02038"
01010505,"218 Oak Street, Franklin, MA 02038"
01010012,"500 Lincoln Street, Franklin, MA 02038"
01010405,"224 Oak Street, Franklin, MA 02038"
01010013,"551 Pond Street, Franklin, MA 02038"
01010010,"628 Washington Street, Franklin, MA 02038"
01010030,"224 Oak Street, Franklin, MA 02038"
01010032,"235 Wachusett Street, Franklin, MA 02038"
01010310,"628 Washington Street, Franklin, MA 02038"
08180605,"82 Industrial Blvd, Turners Falls, MA 01376"
06650505,"100 Howland Rd, Lakeville, MA 02347"
06650002,"232 Main Street, Lakeville, MA 02347"
06650001,"43 Bullock Road, East Freetown, MA 02717"
06650305,"96 Howland Road, Lakeville, MA 02347"
06650015,"112 Howland Road, Lakeville, MA 02347"
06700505,"113 North Main Street, South Deerfield, MA 01373"
01030001,"160 Elm Street, Gardner, MA 01440"
01030515,"75 E Broadway Street, Gardner, MA 01440"
01030505,"200 Catherine Street, Gardner, MA 01440"
01030405,"297 Catherine Street, Gardner, MA 01440"
01030015,"130 Elm Street, Gardner, MA 01440"
01030020,"62 Waterford Street, Gardner, MA 01440"
06720059,"325 Middlefield Road, Chester, MA 01011"
06720505,"12 Littleville Road, Huntington, MA 01050"
06720405,"12 Littleville Road, Huntington, MA 01050"
06720410,"12 Littleville Road, Huntington, MA 01050"
06720143,"4 Littleville Road, Huntington, MA 01050"
01050505,"11 Winter Street, Georgetown, MA 01833"
01050305,"11 Winter Street, Georgetown, MA 01833"
01050010,"68 Elm Street, Georgetown, MA 01833"
01050005,"51 North Street, Georgetown, MA 01833"
06740005,"48 Boyle Rd, Gill, MA 01354"
06740310,"224 Turnpike Rd, Montague, MA 01351"
06740015,"30 Griswold Street, Turners Falls, MA 01376"
06740050,"43 Crocker Avenue, Turners Falls, MA 01376"
06740505,"222 Turnpike Rd, Montague, MA 01351"
04960305,"190 Ashley Boulevard, New Bedford, MA 02746"
01070010,"138 Cherry Street, Gloucester, MA 01930"
01070020,"8 Davis St Ext, Gloucester, MA 01930"
01070505,"32 Leslie O. Johnson Rd, Gloucester, MA 01930"
01070025,"4 School House Rd, Gloucester, MA 01930"
01070042,"15 Hickory Street, Gloucester, MA 01930"
01070305,"32 Cherry Street, Gloucester, MA 01930"
01070045,"11 Webster Street, Gloucester, MA 01930"
01070050,"10 Concord Street, Gloucester, MA 01930"
01090005,"PO Box 175 17 Tower Hill Road, Cuttyhunk, MA 02713"
01100505,"24 Providence Road, Grafton, MA 01519"
01100305,"22 Providence Road, Grafton, MA 01519"
01100200,"105 Millbury Street , Grafton, MA 01519"
01100025,"46 Waterville Street, North Grafton, MA 01536"
01100030,"60 North Street, Grafton, MA 01519"
01100005,"90 Main Street, South Grafton, MA 01560"
01110004,"393 East State Street, Granby, MA 01033"
01110505,"385 East State Street, Granby, MA 01033"
01110010,"14 West Street, Granby, MA 01033"
08210605,"251 Stonehaven Rd, Fall River, MA 02723"
08230605,"57 River Rd, Andover, MA 01810"
08280605,"250 Pawtucket Blvd, Tyngsborough, MA 01879"
08250605,"1121 Ashley Blvd, New Bedford, MA 02745"
01140025,"21 Ferrante Avenue, Greenfield, MA 01301"
01140010,"125 Federal Street, Greenfield, MA 01301"
01140030,"62 Meridian Street, Greenfield, MA 01301"
01140505,"21 Barr Avenue, Greenfield, MA 01301"
01140305,"195 Federal Street, Greenfield, MA 01301"
01140035,"70 Shelburne Rd, Greenfield, MA 01301"
01140005,"15 Place Terrace, Greenfield, MA 01301"
06730001,"P O Box 730, Groton, MA 01450"
06730010,"P O Box 738, Groton, MA 01450"
06730505,"P O Box 730, Groton, MA 01450"
06730305,"P O Box 727, Groton, MA 01450"
06730005,"522 Main Street, Dunstable, MA 01827"
01170015,"21 River Drive, Hadley, MA 01035"
01170505,"131 Russell Street, Hadley, MA 01035"
01180005,"464 Plymouth Street, Halifax, MA 02338"
06750007,"1 School Street, Wenham, MA 01984"
06750010,"237 Asbury Street, South Hamilton, MA 01982"
06750505,"775 Bay Rd, South Hamilton, MA 01982"
06750310,"787 Bay Rd, Hamilton, MA 01982"
06750015,"325 Bay Rd, South Hamilton, MA 01982"
04990305,"20 Johnson Rd, Chicopee, MA 01022"
06800005,"38 North Rd, Hampden, MA 01036"
06800025,"625 Main Street, Wilbraham, MA 01095"
06800505,"621 Main Street, Wilbraham, MA 01095"
06800030,"300 Soule Rd, Wilbraham, MA 01095"
06800050,"675 Stony Hill Road, Wilbraham, MA 01095"
06800305,"85 Wilbraham Rd, Hampden, MA 01036"
06800310,"466 Stony Hill Rd, Wilbraham, MA 01095"
06830505,"19 Stage Rd, Westhampton, MA 01027"
01210005,"3080 Hancock Road, PO Box 1039, Hancock, MA 01237"
01220004,"265 Cedar Street, Hanover, MA 02339"
01220005,"65 Silver Street, Hanover, MA 02339"
01220505,"287 Cedar Street, Hanover, MA 02339"
01220305,"45 Whiting Street, Hanover, MA 02339"
01220015,"495 Hanover Street, Hanover, MA 02339"
01250505,"14 Massachusetts Avenue, Harvard, MA 01451"
01250005,"27 Massachusetts Avenue, Harvard, MA 01451"
01270005,"33 Main Street, Hatfield, MA 01038"
01270505,"34 School Street, Hatfield, MA 01038"
01280005,"551 Washington St., Haverhill, MA 01832"
01280008,"118 Montvale Street, Bradford, MA 01835"
01280035,"98 Winchester Street, Haverhill, MA 01835"
01280100,"685 Washington Street, Haverhill, MA 01832"
01280020,"26 Belmont Avenue, Haverhill, MA 01830"
01280050,"150 Boardman Street, Haverhill, MA 01830"
01280026,"140 Boardman Street, Haverhill, MA 01830"
01280027,"58 Chadwick Street, Haverhill, MA 01835"
01280033,"415 Primrose Street, Haverhill, MA 01830"
01280505,"137 Monument Street, Haverhill, MA 01832"
01280085,"256 Concord Street, Haverhill, MA 01830"
01280045,"59 Margin Street, Haverhill, MA 01832"
01280054,"252 Concord Street, Haverhill, MA 01830"
01280073,"415 Primrose Street, Haverhill, MA 01830"
01280075,"70 Grove Street, Haverhill, MA 01832"
01280080,"645 Main Street, Haverhill, MA 01830"
06850005,"10 School Street, Charlemont, MA 01339"
04190305,"23 Leonard Street, Boston, MA 02122"
04550050,"75 Foundation Avenue, Haverhill, MA 01835"
04500105,"1 Industrial Parkway, Easthampton, MA 01027"
01310005,"2 Collins Street, Hingham, MA 02043"
01310505,"17 Union Street, Hingham, MA 02043"
01310410,"1103 Main Street, Hingham, MA 02043"
01310019,"200 High Street, Hingham, MA 02043"
01310020,"831 Main Street, Hingham, MA 02043"
01310010,"55 Downer Avenue, Hingham, MA 02043"
01330505,"245 So. Franklin Street, Holbrook, MA 02343"
01330018,"339 Plymouth Street, Holbrook, MA 02343"
01330025,"719 So. Franklin Street, Holbrook, MA 02343"
01350005,"28 Sturbridge Road, Holland, MA 01521"
01360505,"370 Hollis Street, Holliston, MA 01746"
01360007,"235 Woodland Street, Holliston, MA 01746"
01360010,"235 Woodland Street, Holliston, MA 01746"
01360305,"323 Woodland Street, Holliston, MA 01746"
01370045,"1 Jefferson Street, Holyoke, MA 01040"
01370070,"156 Cabot Street, Holyoke, MA 01040"
01370505,"500 Beech Street, Holyoke, MA 01040"
01370003,"2019 Northampton Street, Holyoke, MA 01040"
01370040,"216 West Street, Holyoke, MA 01040"
01370055,"400 Jarvis Avenue, Holyoke, MA 01040"
01370015,"75 Kane Rd, Holyoke, MA 01040"
01370060,"210 Whiting Farms Rd, Holyoke, MA 01040"
01370025,"596 South Bridge Street, Holyoke, MA 01040"
01370030,"1916 Northampton Street, Holyoke, MA 01040"
01370605,"1045 Main Street, Holyoke, MA 01040"
04530005,"2200 Northampton St, Holyoke, MA 01040"
01380505,"25 Adin Street, Hopedale, MA 01747"
01380010,"6 Prospect Street, Hopedale, MA 01747"
01380003,"6 Park Street, Hopedale, MA 01747"
01390005,"11 Ash Street, Hopkinton, MA 01748"
01390010,"14 Elm Street, Hopkinton, MA 01748"
01390015,"104 Hayden Rowe Street, Hopkinton, MA 01748"
01390505,"90 Hayden Rowe Street, Hopkinton, MA 01748"
01390305,"88 Hayden Rowe Street, Hopkinton, MA 01748"
01390003,"88 Hayden Rowe Street, Hopkinton, MA 01748"
01410030,"119 Cottage Street, Hudson, MA 01749"
01410410,"201 Manning Street, Hudson, MA 01749"
01410015,"136 Forest Avenue, Hudson, MA 01749"
01410505,"69 Brigham Street, Hudson, MA 01749"
01410007,"306 Cox Street, Hudson, MA 01749"
01420505,"180 Main Street     , Hull, MA 02045"
01420015,"180 Harborview Rd, Hull, MA 02045"
01420305,"81 Central Avenue, Hull, MA 02045"
04350305,"72 Tyng Road, Tyngsboro, MA 01879"
03700012,"PO Box 1320, Westborough, MA 01581"
03700040,"502 Cabot Street, c/o The Memorial Building, Beverly, MA 01915"
03700026,"3 Randolph Street, Canton, MA 02021"
03700015,"60 Hodges Avenue, Cain Building, Taunton, MA 02780"
03700013,"PO Box 1320, Westborough, MA 01581"
01440505,"134 High Street, Ipswich, MA 01938"
01440305,"130 High Street, Ipswich, MA 01938"
01440007,"216 Linebrook Rd, Ipswich, MA 01938"
01440015,"65 Central Street, Ipswich, MA 01938"
04630205,"384 Warren Street, Boston, MA 02119"
04290010,"90 High Rock Street, Lynn, MA 01902"
06900510,"18 King Street, Norfolk, MA 02056"
06900505,"201 Franklin Street, Wrentham, MA 02093"
01450005,"150 Main Street, Kingston, MA 02364"
01450020,"65 Second Brook Street, Kingston, MA 02364"
01480005,"188 Summer Street, Lanesborough, MA 01237"
01490015,"135 Butler Street, Lawrence, MA 01841"
01490017,"150 Arlington Street, Lawrence, MA 01841"
01490530,"70-71 North Parish Rd, Lawrence, MA 01843"
01490009,"150 Arlington Street, Lawrence, MA 01841"
01490053,"255 E Haverhill Street, Lawrence, MA 01841"
01490080,"75 Newton Street, Lawrence, MA 01843"
01490040,"100 Erving Avenue, Lawrence, MA 01841"
01490525,"33 Hamlet Street, Lawrence, MA 01843"
01490022,"80 Bodwell Street, Lawrence, MA 01841"
01490025,"80 Bodwell St, Lawrence, MA 01841"
01490531,"70-71 North Parish Rd, Lawrence, MA 01843"
01490536,"233 Haverhill Street, Lawrence, MA 01840"
01490532,"70-71 North Parish Rd, Lawrence, MA 01843"
01490534,"70-71 North Parish Rd, Lawrence, MA 01843"
01490020,"122 Hancock Street, Lawrence, MA 01841"
01490003,"114 Osgood Street, Lawrence, MA 01843"
01490075,"59 Alder Street, Lawrence, MA 01841"
01490002,"41 Lexington Street, Lawrence, MA 01841"
01490011,"526 Lowell Street, Lawrence, MA 01841"
01490533,"70-71 North Parish Rd, Lawrence, MA 01843"
01490048,"183 Haverhill Street, Lawrence, MA 01840"
01490027,"255 East Haverhill Street, Lawrence, MA 01841"
01490535,"70-71 North Parish Rd, Lawrence, MA 01843"
01490540,"15 Union Street, Lawrence, MA 01841"
01490018,"33 Hamlet Street, Lawrence, MA 01843"
01490001,"451 Howard Street, Lawrence, MA 01841"
01490537,"58 Lawrence Street, Lawrence, MA 01841"
01490004,"165 Crawford Street, Lawrence, MA 01843"
01490016,"165 Crawford Street, Lawrence, MA 01843"
01490085,"165 Crawford Street, Lawrence, MA 01843"
01490090,"60 Allen Street, Lawrence, MA 01841"
01490049,"233 Haverhill Street, Lawrence, MA 01840"
04540205,"34 West Street, Lawrence, MA 01841"
01500025,"310 Greylock Street, Lee, MA 01238"
01500505,"300 Greylock Street, Lee, MA 01238"
01510505,"174 Paxton Street, Leicester, MA 01524"
01510005,"11 Memorial School Dr, Leicester, MA 01524"
01510015,"70 Winslow Avenue, Leicester, MA 01524"
01510010,"170 Paxton Street, Leicester, MA 01524"
01520505,"197 East Street, Lenox, MA 01240"
01520015,"129 West Street, Lenox, MA 01240"
01530003,"145 Pleasant Street, Leominster, MA 01453"
01530605,"122 Granite Street, Leominster, MA 01453"
01530007,"25 DeCicco Dr, Leominster, MA 01453"
01530025,"845 Main Street, Leominster, MA 01453"
01530515,"464 Abbot Avenue, Leominster, MA 01453"
01530505,"122 Granite Street, Leominster, MA 01453"
01530005,"100 DeCicco Drive, Leominster, MA 01453"
01530030,"45 Stearns Avenue, Leominster, MA 01453"
01530040,"115 Priest Street, Leominster, MA 01453"
01530045,"100 DeCicco Dr, Leominster, MA 01453"
01530320,"500 Kennedy Way, Leominster, MA 01453"
01530010,"95 Viscoloid Ave, Leominster, MA 01453"
01540005,"85 Montague Rd, Leverett, MA 01054"
01550008,"9 Philip Rd, Lexington, MA 02421"
01550006,"55 Middleby Rd, Lexington, MA 02421"
01550015,"55 Adams Street, Lexington, MA 02420"
01550030,"328 Lowell Street, Lexington, MA 02420"
01550305,"17 Stedman Rd, Lexington, MA 02421"
01550010,"117 Grove Street, Lexington, MA 02420"
01550001,"328 Lowell Street, Lexington, MA 02420"
01550505,"251 Waltham Street, Lexington, MA 02421"
01550035,"7 Crosby Road, Lexington, MA 02421"
01550310,"99 Hancock Street, Lexington, MA 02420"
01570305,"6 Ent Road, Hanscom Air Force Bs, MA 01731"
01570006,"6 Ent Road, Hanscom Air Force Bs, MA 01731"
01570025,"6 Ballfield Rd, Lincoln, MA 01773"
06950505,"390 Lincoln Rd, Sudbury, MA 01776"
01580505,"56 King Street, Littleton, MA 01460"
01580305,"55 Russell Street, Littleton, MA 01460"
01580015,"57 Russell Street, Littleton, MA 01460"
01580005,"35 Shaker Lane, Littleton, MA 01460"
01590005,"275 Blueberry Hill Rd, Longmeadow, MA 01106"
01590010,"837 Longmeadow Street, Longmeadow, MA 01106"
01590017,"110 Cambridge Circle, Longmeadow, MA 01106"
01590505,"95 Grassy Gutter Rd, Longmeadow, MA 01106"
01590305,"410 Williams Street, Longmeadow, MA 01106"
01590025,"62 Wolf Swamp Rd, Longmeadow, MA 01106"
01600020,"300 Chelmsford Street, Lowell, MA 01851"
01600310,"1140 Gorham Street, Lowell, MA 01852"
01600090,"79 Wannalancit Street, Lowell, MA 01854"
01600030,"130 Pine Street, Lowell, MA 01851"
01600080,"350 Adams Street, Lowell, MA 01854"
01600345,"365 West Meadow Road, Lowell, MA 01854"
01600002,"175 Campbell Drive, Lowell, MA 01851"
01600015,"149 Ennell Street, Lowell, MA 01850"
01600330,"110 June Street, Lowell, MA 01850"
01600315,"150 Fleming Street, Lowell, MA 01851"
01600340,"150 Draper Street, Lowell, MA 01852"
01600050,"1158 Gorham Street, Lowell, MA 01852"
01600010,"131 Mammoth Road, Lowell, MA 01854"
01600360,"560 Broadway Street, Lowell, MA 01854"
01600085,"235 Powell Street, Lowell, MA 01851"
01600320,"58 Sycamore Street, Lowell, MA 01852"
01600505,"50 Father Morrissette Boulevard, Lowell, MA 01852"
01600027,"158 Rogers Street, Lowell, MA 01852"
01600036,"425 West Meadow Road, Lowell, MA 01854"
01600040,"115 Douglas Road, Lowell, MA 01852"
01600018,"145 Boylston Street, Lowell, MA 01852"
01600005,"43 Highland Street, Lowell, MA 01852"
01600075,"570 Beacon Street, Lowell, MA 01850"
01600055,"795 Wilder Street, Lowell, MA 01851"
35030205,"25 Father John Sarantos Way, Lowell, MA 01854"
04560050,"206 Jackson Street, Lowell, MA 01852"
04580505,"67 Middle Street, Lowell, MA 01852"
01610020,"766 Chapin Street, Ludlow, MA 01056"
01610010,"508 East Street, Ludlow, MA 01056"
01610505,"500 Chapin Street, Ludlow, MA 01056"
01610305,"1 Rooney Road, Ludlow, MA 01056"
01610023,"486 Chapin Street, Ludlow, MA 01056"
01620505,"1079 Massachusetts Avenue, Lunenburg, MA 01462"
01620010,"1401 Massachusetts Avenue, Lunenburg, MA 01462"
01620020,"129 Northfield Rd, Lunenburg, MA 01462"
01630016,"34 Hood Street, Lynn, MA 01905"
01630011,"409 Eastern Avenue, Lynn, MA 01902"
01630405,"90 OCallaghan Way, Lynn, MA 01905"
01630020,"123 Lewis Street, Lynn, MA 01902"
01630090,"26 Regina Rd, Lynn, MA 01904"
01630505,"235 O Callaghan Way, Lynn, MA 01905"
01630035,"40 Franklin Street, Lynn, MA 01902"
01630045,"21 Dexter Street, Lynn, MA 01902"
01630004,"90 Commercial Street, Lynn, MA 01905"
01630095,"58 Conomo Avenue, Lynn, MA 01904"
01630525,"33 North Common Street, Lynn, MA 01902"
01630055,"24 Oakwood Avenue, Lynn, MA 01902"
01630060,"1 Collins Street Terrace, Lynn, MA 01902"
01630030,"200 O'Callaghan Way, Lynn, MA 01905"
01630070,"115 Gardiner Street, Lynn, MA 01905"
01630510,"50 Goodridge Street, Lynn, MA 01902"
01630605,"80 Neptune Blvd, Lynn, MA 01902"
01630075,"31 Trevett Avenue, Lynn, MA 01904"
01630420,"70 Conomo Avenue, Lynn, MA 01904"
01630050,"49 Hollingsworth St, Lynn, MA 01902"
01630085,"25 Ontario Street, Lynn, MA 01905"
01630305,"19 Porter Street, Lynn, MA 01902"
01630100,"35 Walnut Street, Lynn, MA 01905"
01630005,"58 Blossom Street, Lynn, MA 01902"
01630080,"100 Robinson Street, Lynn, MA 01905"
01630040,"50 Elm Street, Lynn, MA 01905"
01640010,"5 Knoll Road, Lynnfield, MA 01940"
01640505,"275 Essex Street, Lynnfield, MA 01940"
01640405,"505 Main Street, Lynnfield, MA 01940"
01640005,"525 Salem St, Lynnfield, MA 01940"
01640020,"262 Summer Street, Lynnfield, MA 01940"
04690505,"1001 Commonwealth Avenue, Boston, MA 02215"
04680505,"85 Prescott Street, Worcester, MA 01605"
01650003,"401 Pleasant Street, Malden, MA 02148"
01650013,"150 Cross Street, Malden, MA 02148"
01650027,"74 Sylvan Street, Malden, MA 02148"
01650047,"29 Wescott Street, Malden, MA 02148"
01650049,"257 Mountain Avenue, Malden, MA 02148"
01650505,"77 Salem Street, Malden, MA 02148"
01650057,"529 Salem Street, Malden, MA 02148"
06980020,"12 Story Street, Essex, MA 01929"
06980510,"36 Lincoln Street, Manchester, MA 01944"
06980030,"36 Lincoln Street, Manchester, MA 01944"
06980010,"43 Lincoln Street, Manchester, MA 01944"
01670007,"245 East Street, Mansfield, MA 02048"
01670035,"240 East Street, Mansfield, MA 02048"
01670014,"255 East Street, Mansfield, MA 02048"
01670505,"250 East Street, Mansfield, MA 02048"
01670003,"29 Dean Street, Mansfield, MA 02048"
01680015,"50 Elm Street, Marblehead, MA 01945"
01680020,"9 Maple Street, Marblehead, MA 01945"
01680010,"1 Turner Rd, Marblehead, MA 01945"
01680005,"40 Baldwin Rd, Marblehead, MA 01945"
01680505,"2 Humphrey Street, Marblehead, MA 01945"
01680300,"217 Pleasant Street, Marblehead, MA 01945"
01680016,"93 Village Street, Marblehead, MA 01945"
04640305,"17 Lime Street, Marblehead, MA 01945"
01690005,"16 Spring Street, Marion, MA 02738"
01700045,"25 Union Street, Marlborough, MA 01752"
01700030,"444 Hosmer Street, Marlborough, MA 01752"
01700006,"17 Washington Street, Marlborough, MA 01752"
01700008,"520 Farm Road, Marlborough, MA 01752"
01700505,"431 Bolton Street, Marlborough, MA 01752"
01700025,"80 Foley Road, Marlborough, MA 01752"
01710015,"1456 Ocean Street, Marshfield, MA 02050"
01710005,"165 Eames Way, Marshfield, MA 02050"
01710310,"500 Furnace Street, Marshfield, MA 02050"
01710020,"60 Regis Rd, Marshfield, MA 02050"
01710505,"167 Forest Street, Marshfield, MA 02050"
01710025,"275 Forest Street, Marshfield, MA 02050"
01710010,"59 Hatch Street, Marshfield, MA 02050"
07000505,"Box 1385, Oak Bluffs, MA 02557"
04660550,"PO Box 1150, West Tisbury, MA 02575"
04920005,"285 Dorset Street, Springfield, MA 01108"
07050505,"20 Endicott Rd, Boxford, MA 01921"
07050405,"20 Endicott Rd, Boxford, MA 01921"
01720005,"152 Old Barnstable Road, Mashpee, MA 02649"
01720505,"500 Old Barnstable Road, Mashpee, MA 02649"
01720020,"500 Old Barnstable Road, Mashpee, MA 02649"
01720035,"150 Old Barnstable Road, Mashpee, MA 02649"
39010900,"278 Main St., Ste. 205, Greenfield, MA 01301"
01730005,"17 Barstow Street, Mattapoisett, MA 02739"
01730010,"20 Shaw Street, Mattapoisett, MA 02739"
01740305,"3 Tiger Drive, Maynard, MA 01754"
01740010,"5 Tiger Drive, Maynard, MA 01754"
01740505,"1 Tiger Drive, Maynard, MA 01754"
01750005,"45 Adams Street, Medfield, MA 02052"
01750505,"88R South Street, Medfield, MA 02052"
01750003,"59 Adams Street, Medfield, MA 02052"
01750007,"17 Elm Street, Medfield, MA 02052"
01750305,"24 Pound Street, Medfield, MA 02052"
01760130,"388 High Street, Medford, MA 02155"
01760140,"37 Hicks Avenue, Medford, MA 02155"
01760510,"437 Main Street, Medford, MA 02155"
01760068,"3002 Mystic Valley Pkwy, Medford, MA 02155"
01760320,"3004 Mystic Valley Parkway, Medford, MA 02155"
01760315,"3000 Mystic Valley Pkwy, Medford, MA 02155"
01760505,"489 Winthrop Street, Medford, MA 02155"
01760605,"489 Winthrop Street, Medford, MA 02155"
01760150,"35 Court Street, Medford, MA 02155"
01770015,"16 Cassidy Lane, Medway, MA 02053"
01770013,"9 Lovering Street, Medway, MA 02053"
01770505,"88 Summer Street, Medway, MA 02053"
01770305,"45 Holliston Street, Medway, MA 02053"
01780003,"16 Franklin St, Melrose, MA 02176"
01780017,"37 Glendower Rd, Melrose, MA 02176"
01780025,"40 Damon Avenue, Melrose, MA 02176"
01780020,"80 West Wyoming Avenue, Melrose, MA 02176"
01780505,"360 Lynn Fells Pkwy, Melrose, MA 02176"
01780305,"350 Lynn Fells Pkwy, Melrose, MA 02176"
01780035,"253 Vinton Street, Melrose, MA 02176"
01780050,"162 First Street, Melrose, MA 02176"
07100179,"10 North Avenue, Mendon, MA 01756"
07100001,"69 Main Street, Upton, MA 01568"
07100015,"148 North Avenue, Mendon, MA 01756"
07100510,"90 Pleasant Street, Upton, MA 01568"
01810050,"100 Howe Street, Methuen, MA 01844"
01810060,"45 Pleasant View Street, Methuen, MA 01844"
01810030,"309 Pelham Street, Methuen, MA 01844"
01810505,"1 Ranger Rd, Methuen, MA 01844"
01810055,"75 Pleasant Street, Methuen, MA 01844"
01820008,"41 Mayflower Avenue, Middleborough, MA 02346"
01820305,"112 Tiger Drive, Middleborough, MA 02346"
01820010,"31 Mayflower Avenue, Middleborough, MA 02346"
01820011,"219 North Main Street, Middleboro, MA 02346"
01820505,"71 East Grove Street, Middleborough, MA 02346"
01840003,"143 South Main Street, Middleton, MA 01949"
01840005,"26 Central Street, Middleton, MA 01949"
01850065,"110 Congress Street, Milford, MA 01757"
01850010,"12-14 Walnut Street, Milford, MA 01757"
01850505,"31 West Fountain Street, Milford, MA 01757"
01850310,"45 Main Street, Milford, MA 01757"
01850075,"31 West Fountain Street, Milford, MA 01757"
01850305,"66 School Street, Milford, MA 01757"
01850090,"10 North Vine Street, Milford, MA 01757"
01860017,"40 Elmwood Street, Millbury, MA 01527"
01860505,"12 Martin Street, Millbury, MA 01527"
01860025,"58 Elmwood Street, Millbury, MA 01527"
01870005,"5 Park Rd, Millis, MA 02054"
01870505,"245 Plain Street, Millis, MA 02054"
01870020,"245 Plain Street, Millis, MA 02054"
01890410,"451 Central Ave, Milton, MA 02186"
01890005,"80 Edge Hill Rd, Milton, MA 02186"
01890007,"44 Edge Hill Rd, Milton, MA 02186"
01890010,"255 Canton Avenue, Milton, MA 02186"
01890505,"25 Gile Road, Milton, MA 02186"
01890020,"187 Blue Hills Pkwy, Milton, MA 02186"
08300605,"758 Marrett Rd, Lexington, MA 02421"
07170005,"75 Mechanic Street, Shelburne Falls, MA 01370"
07170010,"22 Jacksonville Rd, Colrain, MA 01340"
07170015,"18 Jacobs Road, Charlemont, MA 01339"
07170505,"26 Ashfield Road, Shelburne Falls, MA 01370"
07170020,"808 Cape Street, Ashfield, MA 01330"
07120001,"147 Depot Road, Chatham, MA 02633"
07120002,"263 South Street, Harwich, MA 02645"
07120515,"75 Oak Street, Harwich, MA 02645"
07120315,"425 Crowell Road, Chatham, MA 02633"
01910310,"21 Thompson Street, Monson, MA 01057"
01910505,"55 Margaret Street, Monson, MA 01057"
01910025,"43 Margaret Street, Monson, MA 01057"
08320605,"1050 Westminster Street, Fitchburg, MA 01420"
07150505,"1781 Cold Spring Road, Williamstown, MA 01267"
04700105,"770 Salem Street, Malden, MA 02148"
01960010,"290 Castle Road, Nahant, MA 01908"
01970010,"10 Surfside Road, Nantucket, MA 02554"
01970005,"30 Surfside Road, Nantucket, MA 02554"
01970505,"10 Surfside Road, Nantucket, MA 02554"
07200005,"16 School Street, Baldwinville, MA 01436"
07200305,"460 Baldwinville Rd, Baldwinville, MA 01436"
07200505,"464 Baldwinville Rd, Baldwinville, MA 01436"
07200003,"20 The Common, Phillipston, MA 01331"
07200020,"P O Box 306, Templeton, MA 01468"
07250020,"403 Great Rd, Stow, MA 01775"
07250025,"100 Mechanic Street, Bolton, MA 01740"
07250310,"55 Hartley Road, Stow, MA 01775"
07250305,"1 Hollywood Drive , Lancaster, MA 01523"
07250010,"103 Hollywood Drive, Lancaster, MA 01523"
07250505,"12 Green Road, Bolton, MA 01740"
08520605,"100 Littleton Road, Westford, MA 01886"
01980005,"22 East Evergreen Rd, Natick, MA 01760"
01980010,"1 Jean Burke Drive, Natick, MA 01760"
01980305,"165 Mill Street, Natick, MA 01760"
01980031,"99 South Main Street, Natick, MA 01760"
01980035,"41 Bacon Street, Natick, MA 01760"
01980043,"107 Eliot Street, Natick, MA 01760"
01980505,"15 West Street, Natick, MA 01760"
01980310,"22 Rutledge Rd, Natick, MA 01760"
06600505,"100 Cable Rd, P.O. Box 1887, North Eastham, MA 02651"
06600305,"70 Route 28, Orleans, MA 02653"
01990005,"120 Broadmeadow Rd, Needham, MA 02492"
01990410,"77 Ferndale Road, Needham, MA 02492"
01990035,"28 Glen Gary Rd, Needham, MA 02494"
01990020,"135 Wellesley Avenue, Needham, MA 02494"
01990505,"609 Webster Street, Needham, MA 02494"
01990050,"1155 Central Avenue, Needham, MA 02492"
01990405,"200 Harris Avenue, Needham, MA 02492"
01990040,"187 Brookline Street, Needham, MA 02492"
04440205,"21 Queen Street, Dorchester, MA 02122"
02010095,"445 Ashley Blvd, New Bedford, MA 02745"
02010063,"286 S Second Street, New Bedford, MA 02740"
02010140,"561 Allen Street, New Bedford, MA 02740"
02010105,"261 Mt Pleasant Stre, New Bedford, MA 02746"
02010123,"1097 Braley Rd, New Bedford, MA 02745"
02010010,"122 Rochambeau Street, New Bedford, MA 02745"
02010015,"212 Nemasket Street, New Bedford, MA 02740"
02010075,"256 Court Street, New Bedford, MA 02740"
02010020,"145 Essex Street, New Bedford, MA 02745"
02010078,"361 Cedar Grove, New Bedford, MA 02746"
02010085,"135 Shawmut Avenue, New Bedford, MA 02740"
02010040,"50 Hemlock Street, New Bedford, MA 02740"
02010130,"2203 Acushnet Avenue, New Bedford, MA 02745"
02010115,"705 County Street, New Bedford, MA 02740"
02010050,"120 Katherine Street, New Bedford, MA 02744"
02010070,"71 Portland Street, New Bedford, MA 02744"
02010405,"225 Hathaway Blvd, New Bedford, MA 02740"
02010505,"230 Hathaway Blvd, New Bedford, MA 02740"
02010410,"81 FELTON ST, New Bedford, MA 02745"
02010124,"286 South Second Street, New Bedford, MA 02740"
02010415,"119 Frederick Street, New Bedford, MA 02744"
02010045,"247 Elm Street, New Bedford, MA 02740"
02010125,"497 Mill Street, New Bedford, MA 02740"
02010510,"181 Hillman Street, New Bedford, MA 02740"
02010515,"455 County Street, New Bedford, MA 02740"
02010135,"620 Brock Avenue, New Bedford, MA 02744"
04670505,"1 Museum Place Mall, Suite 121, Salem, MA 01970"
07280015,"201 Wendell Rd, New Salem, MA 01355"
02040030,"70 Low Street, Newburyport, MA 01950"
02040005,"333 High Street, Newburyport, MA 01950"
02040505,"241 High Street, Newburyport, MA 01950"
02040305,"70 Low Street, Newburyport, MA 01950"
02070005,"225 Nevada Street,   (Angier at Carr) , Newtonville, MA 02460"
02070305,"42 Vernon St, Newton, MA 02458"
02070015,"280 Cypress Street, Newton Centre, MA 02459"
02070020,"171 Pine Street, Auburndale, MA 02466"
02070025,"229 Cabot Street, Newtonville, MA 02460"
02070310,"125 Meadowbrook Rd, Newton Centre, MA 02459"
02070040,"191 Dedham Street, Newton Highlands, MA 02461"
02070315,"21 Minot PL, Newtonville, MA 02460"
02070055,"125 Derby Street, West Newton, MA 02465"
02070075,"687 Watertown Street, Newtonville, MA 02460"
02070120,"10 Dolphin Rd, Newton Centre, MA 02459"
02070070,"191 Pearl Street, Newton, MA 02458"
02070080,"149 Pleasant Street, Newton Centre, MA 02459"
02070105,"250 Brookline Street, Newton Centre, MA 02459"
02070108,"100 Walnut Street, Newtonville, MA 02460"
02070505,"457 Walnut Street, Newtonville, MA 02460"
02070510,"140 Brandeis Rd, Newton Centre, MA 02459"
02070320,"130 Wheeler Road, Newton Centre, MA 02459"
02070100,"170 Temple Street, West Newton, MA 02465"
02070115,"101 Vernon Street, Newton Corner, MA 02458"
02070125,"141 Grove Street, Auburndale, MA 02466"
02070130,"30 Beethoven Avenue, Waban, MA 02468"
02080005,"70 Boardman Street, Norfolk, MA 02056"
02080015,"232 Main Street, Norfolk, MA 02056"
09150705,"400 Main Street, Walpole, MA 02081"
02090035,"20 Brayton Hill Terrace, North Adams, MA 01247"
02090505,"1130 South Church Street, North Adams, MA 01247"
02090015,"100 Phelps Avenue, North Adams, MA 01247"
02090008,"151 Kemp Avenue, North Adams, MA 01247"
02110018,"300 Abbott Street, North Andover, MA 01845"
02110001,"111 Phillips Brks Rd, North Andover, MA 01845"
02110010,"2 Cypress Terrace, North Andover, MA 01845"
02110015,"601 Main Street, North Andover, MA 01845"
02110505,"430 Osgood Street, North Andover, MA 01845"
02110305,"495 Main Street, North Andover, MA 01845"
02110020,"266 Waverly Rd, North Andover, MA 01845"
02120005,"290 Allen Avenue, North Attleborough, MA 02760"
02120007,"70 Amvet Boulevard, North Attleborough, MA 02760"
02120030,"45 South Washington Street, North Attleborough, MA 02760"
02120010,"2 Jackson Street, North Attleborough, MA 02760"
02120013,"37 Landry Avenue, North Attleborough, MA 02760"
02120505,"1 Wilson W. Whitty Way, North Attleborough, MA 02760"
02120020,"25 School Street, North Attleborough, MA 02760"
02120305,"564 Landry Avenue, North Attleborough, MA 02760"
02120015,"108 Roosevelt Avenue, North Attleborough, MA 02760"
02150015,"10 New School Drive, North Brookfield, MA 01535"
02150505,"10 New School Drive, North Brookfield, MA 01535"
07350010,"911 Main Street, Ashby, MA 01431"
07350030,"64 Brookline Rd, Townsend, MA 01469"
07350310,"33 Chace Avenue, Pepperell, MA 01463"
07350505,"19 Main Street, Townsend, MA 01469"
07350515,"4 Main Street, Pepperell, MA 01463"
07350005,"1 Whitcomb Street, Townsend, MA 01469"
07350002,"66 Brookline Road, Townsend, MA 01469"
07350035,"10 Hollis Street, Pepperell, MA 01463"
02170003,"7 Barberry Lane, North Reading, MA 01864"
02170010,"298A Haverhill St, North Reading, MA 01864"
02170005,"175 Park Street, North Reading, MA 01864"
02170505,"19 Sherman Rd, North Reading, MA 01864"
02170305,"191 Park Street, North Reading, MA 01864"
02100005,"2 Parsons Street, Northampton, MA 01060"
02100020,"120 Jackson Street, Northampton, MA 01060"
02100410,"100 Bridge Rd, Florence, MA 01062"
02100025,"20 Florence Street, Leeds, MA 01053"
02100505,"380 Elm Street, Northampton, MA 01060"
02100029,"498 Ryan Rd, Florence, MA 01062"
04060705,"80 Locust Street, Northampton, MA 01060"
07300505,"79 Bartlett Street, Northborough, MA 01532"
02130015,"26 Jefferson Rd, Northborough, MA 01532"
02130003,"76 Lincoln Street, Northborough, MA 01532"
02130014,"31 Maple Street, Northborough, MA 01532"
02130020,"33 Howard Street, Northborough, MA 01532"
02130305,"145 Lincoln Street, Northborough, MA 01532"
02140005,"30 Cross Street, Whitinsville, MA 01588"
02140505,"427 Linwood Avenue, Whitinsville, MA 01588"
02140305,"171 Linwood Avenue, Whitinsville, MA 01588"
02140001,"21 Crescent Street, Whitinsville, MA 01588"
08530605,"100 Hemlock Rd, Wakefield, MA 01880"
08510605,"70 Hodges Cross Rd, North Adams, MA 01247"
02180060,"64 West Main Street, Norton, MA 02766"
02180015,"315 West Main Street, Norton, MA 02766"
02180010,"38 Plain Street, Norton, MA 02766"
02180505,"66 West Main Street, Norton, MA 02766"
02180305,"215 West Main Street, Norton, MA 02766"
02190005,"81 High Street, Norwell, MA 02061"
02190505,"18 South Street, Norwell, MA 02061"
02190405,"328 Main Street, Norwell, MA 02061"
02190020,"102 Old Oaken Bucket Road, Norwell, MA 02061"
02200005,"1168 Washington Street, PO Box 67, Norwood, MA 02062"
02200025,"66 Richland Road, PO Box 67, Norwood, MA 02062"
02200010,"90 Garfield Avenue, PO Box 67, Norwood, MA 02062"
02200305,"1315 Washington Street, PO Box 67, Norwood, MA 02062"
02200015,"33 George Willett Parkway, PO Box 67, Norwood, MA 02062"
02200075,"100 Westover Parkway, PO Box 67, Norwood, MA 02062"
02200020,"165 Prospect Street, Norwood, MA 02062"
02200505,"245 Nichols Street, PO Box 67, Norwood, MA 02062"
02210005,"PO Box 1325, Oak Bluffs, MA 02557"
08550605,"476 North Avenue, Rochester, MA 02770"
07400505,"135 Marion Rd, Mattapoisett, MA 02739"
07400405,"133 Marion Rd, Mattapoisett, MA 02739"
02230010,"3 Dexter St , Orange, MA 01364"
02230015,"59 Dexter Street, Orange, MA 01364"
02240005,"46 Eldredge Pkwy, Orleans, MA 02653"
02260010,"9 Clover Street, Oxford, MA 01540"
02260005,"25 Depot Road     , Oxford, MA 01540"
02260505,"495 Main Street, Oxford, MA 01540"
02260405,"497 Main Street, Oxford, MA 01540"
02260305,"495 1/2 Main Street, Oxford, MA 01540"
02270305,"24 Converse Street, Palmer, MA 01069"
02270008,"4107 Main Street, Palmer, MA 01069"
02270505,"4105 Main Street, Palmer, MA 01069"
08600605,"240 Sykes Street, Palmer, MA 01069"
35010505,"161 Lower Westfield Road, P O Box 1009, Holyoke, MA 01041"
02290005,"150 Lynn Street, Peabody, MA 01960"
02290015,"18 Irving Street, Peabody, MA 01960"
02290305,"1 King Street Ext, Peabody, MA 01960"
02290007,"127 Birch Street, Peabody, MA 01960"
02290016,"76 Lake Street, Peabody, MA 01960"
02290510,"485 Lowell Street, Peabody, MA 01960"
02290035,"16 Maple St Ext, Peabody, MA 01960"
02290010,"60 Northend Street, Peabody, MA 01960"
02290045,"15 Bow Street, Peabody, MA 01960"
02290027,"50 Swampscott Avenue, Peabody, MA 01960"
02300005,"45 Amherst Rd, Pelham, MA 01002"
02310003,"29 Gurney Dr, Pembroke, MA 02359"
02310010,"81 Learning Lane, Pembroke, MA 02359"
02310015,"72 Pilgrim Road, Pembroke, MA 02359"
02310305,"559 School Street, Pembroke, MA 02359"
02310505,"80 Learning Lane, Pembroke, MA 02359"
07450020,"104 Church Street, Merrimac, MA 01860"
07450015,"694 Main Street, West Newbury, MA 01985"
07450005,"253 School Street, Groveland, MA 01834"
07450010,"24 Union Street Ext., Merrimac, MA 01860"
07450405,"20 Main Street, West Newbury, MA 01985"
07450505,"24 Main Street, West Newbury, MA 01985"
02340005,"31 Spring Street, PO Box 148, Petersham, MA 01366"
35080505,"1 Federal Street, Building 104 - box 5, Springfield, MA 01105"
04930505,"59 Nichols St, Chelsea, MA 02150"
04940205,"51-59 Summer Street, Everett, MA 01249"
35060505,"97 Main Street, Saugus, MA 01906"
07500006,"37 School Road, Bernardston, MA 01337"
07500008,"104 Main Street, Northfield, MA 01360"
07500007,"7 Brattleboro Rd, Leyden, MA 01301"
07500505,"97 F Sumner Turner Rd, Northfield, MA 01360"
07500009,"41 Winchester Road, Warwick, MA 01378"
04970205,"317 Russell Street, Hadley, MA 01035"
04790505,"15 Mulligan Drive, South Hadley, MA 01075"
02360010,"180 Connecticut Avenue, Pittsfield, MA 01201"
02360065,"517 West Street, Pittsfield, MA 01201"
02360035,"84 Egremont Avenue, Pittsfield, MA 01201"
02360305,"950 North Street, Pittsfield, MA 01201"
02360055,"100 Burbank Street, Pittsfield, MA 01201"
02360505,"300 East Street, Pittsfield, MA 01201"
02360045,"86 Brooks Avenue, Pittsfield, MA 01867"
02360105,"200 West Union Street, Pittsfield, MA 01201"
02360090,"75 Lebanon Avenue, Pittsfield, MA 01201"
02360510,"96 Valentine Road, Pittsfield, MA 01201"
02360310,"501 Pomeroy Avenue, Pittsfield, MA 01201"
02360100,"50 Bushey Road, Pittsfield, MA 01201"
02380010,"68 Messenger Street, Plainville, MA 02762"
02380005,"72 Messenger Street, Plainville, MA 02762"
02390005,"25 Alden Street, Plymouth, MA 02360"
02390011,"860 Federal Furnace Road, Plymouth, MA 02360"
02390010,"258 Standish Avenue, Plymouth, MA 02360"
02390012,"1181 State Rd, Plymouth, MA 02360"
02390015,"70 Manomet Point Rd, Plymouth, MA 02360"
02390003,"22 Whiting Street, Plymouth, MA 02360"
02390030,"6 Lincoln Street, Plymouth, MA 02360"
02390405,"117 Long Pond Road, Plymouth, MA 02360"
02390505,"41 Obery Street, Plymouth, MA 02360"
02390515,"490 Long Pond Road, Plymouth, MA 02360"
02390305,"488 Long Pond Road, Plymouth, MA 02360"
02390046,"178 Bourne Rd, Plymouth, MA 02360"
02390047,"170 Plympton Rd, Plymouth, MA 02360"
02400010,"80 Crescent Street, Plympton, MA 02367"
04870550,"50 Essex Street, Cambridge, MA 02139"
02420020,"12 Winslow Street, Provincetown, MA 02657"
07530005,"76 School House Dr., PO Box 576, Gilbertville, MA 01031"
07530010,"8 Elm Street, Hubbardston, MA 01452"
07530515,"800 South Street, Barre, MA 01005"
07530020,"15 Memorial Drive, New Braintree, MA 01531"
07530025,"1 Deacon Allen Drive, Oakham, MA 01068"
07530505,"800 South Street, Barre, MA 01005"
07530405,"800 South Street, Barre, MA 01005"
07530030,"105 Ruggles Lane, PO Box 903, Barre, MA 01005"
07780505,"284 Old West Brookfield Road, PO Box 909, Warren, MA 01083"
07780305,"284 Old West Brookfield Road, Warren, MA 01083"
07780005,"51 Schoolhouse Drive, West Warren, MA 01092"
07780010,"89 North Main Street, West Brookfield, MA 01585"
02430005,"100 Brooks Avenue, Quincy, MA 02169"
02430040,"1084 Sea Street, Quincy, MA 02169"
02430305,"86 Hollis Avenue, Quincy, MA 02171"
02430020,"225 Fenno Street, Quincy, MA 02170"
02430310,"50 Calvin Rd, Quincy, MA 02169"
02430315,"875 Hancock Street, Quincy, MA 02170"
02430025,"701 Furnace Brook, Quincy, MA 02169"
02430055,"200 Moody St Ext, Quincy, MA 02169"
02430075,"148 Billings Rd, Quincy, MA 02171"
02430035,"300 Granite Street, Quincy, MA 02169"
02430060,"4 Agawam Rd, Quincy, MA 02169"
02430065,"8 Belmont Street, Quincy, MA 02171"
02430510,"316 Hancock Street, Quincy, MA 02171"
02430325,"60 Lancaster Street, Quincy, MA 02169"
02430505,"100 Coddington Street, Quincy, MA 02169"
02430320,"444 Granite Street, Quincy, MA 02169"
02430090,"333 Palmer Street, Quincy, MA 02169"
02430095,"50 Huckins Avenue, Quincy, MA 02171"
02430110,"205 Beale Street, Quincy, MA 02170"
07550515,"444 Green Street, Gardner, MA 01440"
07550505,"PO Box 680, Orange, MA 01364"
07550525,"444 Green Street, Gardner, MA 01440"
02440020,"60 Vesey Rd, Randolph, MA 02368"
02440018,"20 Hurley Dr, Randolph, MA 02368"
02440015,"123 Reed Street, Randolph, MA 02368"
02440040,"30 Lou Courtney Dr, Randolph, MA 02368"
02440410,"225 High Street, Randolph, MA 02368"
02440505,"70 Memorial Pkwy, Randolph, MA 02368"
02460002,"16 Edgemont Avenue, Reading, MA 01867"
02460305,"89 Birch Meadow Dr, Reading, MA 01867"
02460005,"27 A B Lord Dr, Reading, MA 01867"
02460017,"333 Charles Street, Reading, MA 01867"
02460010,"365 Summer Avenue, Reading, MA 01867"
02460001,"62 Oakland Road, Reading, MA 01867"
02460505,"62 Oakland Road, Reading, MA 01867"
02460310,"45 Temple Street, Reading, MA 01867"
02460020,"85 Sunset Rock Lane, Reading, MA 01867"
02480003,"107 Newhall Street, Revere, MA 02151"
02480025,"68 Tuckerman Street, Revere, MA 02151"
02480013,"15 Everard Street, Revere, MA 02151"
02480056,"176 Garfield Avenue, Revere, MA 02151"
02480057,"176 Garfield Avenue, Revere, MA 02151"
02480050,"395 Revere Street, Revere, MA 02151"
02480505,"101 School Street, Revere, MA 02151"
02480014,"140 American Legion Highway, Revere, MA 02151"
02480520,"15 Everard Street, Revere, MA 02151"
02480305,"107 Newhall Street, Revere, MA 02151"
02480035,"65 Yeaman Street, Revere, MA 02151"
02490005,"1831 State Rd, Richmond, MA 01254"
04830305,"6 Resnik Road, Plymouth, MA 02360"
04820050,"2 Perry Way, Newburyport, MA 01950"
02500005,"16 Pine Street, Rochester, MA 02770"
02510060,"93 George Street, Rockland, MA 02370"
02510305,"100 Taunton Avenue, Rockland, MA 02370"
02510020,"1 Col Brian Duffy Way, Rockland, MA 02370"
02510025,"733 Summer Street, Rockland, MA 02370"
02510505,"52 MacKinlay Way, Rockland, MA 02370"
02520005,"34 Jerdens Lane, Rockport, MA 01966"
02520510,"24 Jerdens Lane, Rockport, MA 01966"
02520305,"26 Jerdens Lane, Rockport, MA 01966"
02530005,"10 School Street, Charlemont, MA 01339"
04840505,"120 Fisher Avenue, Roxbury, MA 02120"
04410505,"160 Joan Street, Springfield, MA 01129"
02580003,"53 Liberty Hill Avenue, Salem, MA 01970"
02580005,"25 Memorial Drive, Salem, MA 01970"
02580015,"10 Skerry Street, Salem, MA 01970"
02580305,"29 Highland Avenue, Salem, MA 01970"
02580030,"33 Loring Ave, Salem, MA 01970"
02580025,"79 Willson Street, Salem, MA 01970"
02580001,"25 Memorial Drive, Salem, MA 01970"
02580505,"77 Willson Street, Salem, MA 01970"
02580515,"114 Derby Street, Salem, MA 01970"
02580050,"211 Lafayette Street, Salem, MA 01970"
02580070,"1 Frederick Street, Salem, MA 01970"
04850485,"45 Congress St., Shetland Park, Salem, MA 01970"
02610010,"151 Route 130, Forestdale, MA 02644"
02610005,"33 Water Street, Sandwich, MA 02563"
02610025,"260 Quaker Mtg Hs Rd, East Sandwich, MA 02537"
02610505,"365 Quaker Mtg Hs Rd, East Sandwich, MA 02537"
02610305,"365 Quaker Meetinghouse Road, Sandwich, MA 02537"
02620001,"22 Richard Street, Saugus, MA 01960"
02620305,"25 Dow Street, Saugus, MA 01906"
02620067,"25 Talbot Street, Saugus, MA 01906"
02620040,"443 Walnut St/Elm Street, Saugus, MA 01906"
02620050,"266 Main Street, Saugus, MA 01906"
02620505,"1 Pearce Memorial Drive, Saugus, MA 01906"
02620065,"39 Hurd Avenue, Saugus, MA 01906"
02630010,"26 Chapel Rd, Savoy, MA 01256"
02640007,"1 Aberdeen Dr, Scituate, MA 02066"
02640305,"327 First Parish Rd, Scituate, MA 02066"
02640010,"72 Ann Vinal Rd, Scituate, MA 02066"
02640015,"54 Vinal Avenue, Scituate, MA 02066"
02640505,"606 C J Cushing Hwy, Scituate, MA 02066"
02640020,"266 Tilden Rd, Scituate, MA 02066"
02650405,"650 Newman Avenue, Seekonk, MA 02771"
02650007,"445 Cole Street, Seekonk, MA 02771"
02650015,"165 Newman Avenue, Seekonk, MA 02771"
02650505,"261 Arcade Avenue, Seekonk, MA 02771"
04860105,"51 Gage Street, Worcester, MA 01605"
02660005,"30 Cottage Street, Sharon, MA 02067"
02660010,"45 Wilshire Drive, Sharon, MA 02067"
02660015,"454 South Main Street, Sharon, MA 02067"
02660505,"181 Pond Street, Sharon, MA 02067"
02660305,"75 Mountain Street, Sharon, MA 02067"
08710605,"100 Cook Street, Billerica, MA 01821"
02690010,"1 Pine Hill Ln, Sherborn, MA 01770"
02710005,"1 Maple Avenue, Shrewsbury, MA 01545"
02710015,"1 Florence Street, Shrewsbury, MA 01545"
02710020,"57 Floral Street, Shrewsbury, MA 01545"
02710030,"45 Oak Street, Shrewsbury, MA 01545"
02710040,"15 Parker Road, Shrewsbury, MA 01545"
02710305,"28 Sherwood Avenue, Shrewsbury, MA 01545"
02710505,"64 Holden Street, Shrewsbury, MA 01545"
02710035,"123 Spring Street, Shrewsbury, MA 01545"
02710025,"58 Grafton Street, Shrewsbury, MA 01545"
02720005,"23 West Pelham Rd, Shutesbury, MA 01072"
04770010,"675 Washington Street, Haverhill, MA 01832"
07600505,"260 Pembroke Street, Kingston, MA 02364"
07600405,"256 Pembroke Street, Kingston, MA 02364"
02730005,"538 Chace Street, Somerset, MA 02726"
02730008,"580 Whetstone Hill Road, Somerset, MA 02726"
02730305,"1141 Brayton Avenue, Somerset, MA 02726"
02730015,"700 Read Street, Somerset, MA 02726"
07630505,"625 County Street, Somerset, MA 02726"
02740087,"290 Washington Street, Somerville, MA 02143"
02740075,"5 Meacham Street, Somerville, MA 02145"
02740015,"201 Willow Avenue, Somerville, MA 02144"
02740005,"150 Glen Street, Somerville, MA 02145"
02740111,"50 Cross Street, Somerville, MA 02145"
02740510,"8 Bonair Street, Somerville, MA 02145"
02740083,"5 Cherry Street, Somerville, MA 02144"
02740410,"8 Bonair Street, Somerville, MA 02143"
02740505,"81 Highland Avenue, Somerville, MA 02143"
02740115,"177 Powderhouse Blvd, Somerville, MA 02144"
02740120,"115 Sycamore Street, Somerville, MA 02145"
02780305,"100 Mosier Street, South Hadley, MA 01075"
02780020,"101 Mosier Street, South Hadley, MA 01075"
02780015,"267 Granby Rd, South Hadley, MA 01075"
02780505,"153 Newton Street, South Hadley, MA 01075"
08290605,"750 Winter Street, Framingham, MA 01702"
04880550,"100 Longwater Circle, Norwell, MA 02061"
08730605,"476 Webster Street, Hanover, MA 02339"
02750005,"34 Pomeroy Meadow Rd, Southampton, MA 01073"
02760050,"28 Cordaville Road, Southborough, MA 01772"
02760020,"53 Parkerville Road, Southborough, MA 01772"
02760008,"60 Richards Road, Southborough, MA 01772"
02760305,"49 Parkerville Rd, Southborough, MA 01772"
02770005,"220 Charlton Street, Southbridge, MA 01550"
02770010,"120 Eastford Road, Southbridge, MA 01550"
02770415,"132 Torrey Road, Southbridge, MA 01550"
02770020,"156 West Street, Southbridge, MA 01550"
08720605,"250 Foundry Street, South Easton, MA 02375"
07650015,"PO Box 326, Sheffield, MA 01257"
07650505,"P O Box 219, 491 Berkshire School Road, Sheffield, MA 01257"
07650018,"PO Box 326, Sheffield, MA 01257"
07650030,"PO Box 326, Sheffield, MA 01257"
07650035,"PO Box 326, Sheffield, MA 01257"
08760605,"57 Old Muggett Hill Road, Charlton, MA 01507"
07660205,"409 Main Road, Granville, MA 01034"
07660305,"94 Powder Mill Rd, Southwick, MA 01077"
07660505,"93 Feeding Hills Rd, Southwick, MA 01077"
07660010,"80 Powder Mill Rd, Southwick, MA 01077"
07670505,"302 Main Street, Spencer, MA 01562"
07670008,"410 East Main Street, East Brookfield, MA 01515"
07670415,"73 Ash Street, Spencer, MA 01562"
07670010,"17 Lake Street, Spencer, MA 01562"
07670040,"60 Paxton Road, Spencer, MA 01562"
02810095,"474 Armory St, Springfield, MA 01104"
02810175,"285 Tiffany Street, Springfield, MA 01108"
02810165,"1395 Allen Street, Springfield, MA 01118"
02810360,"111 Seymour Street, Springfield, MA 01109"
02810025,"471 Plainfield Street, Springfield, MA 01107"
02810365,"355 Plainfield Street, Springfield, MA 01107"
02810366,"355 Plainfield Street, Springfield, MA 01107"
02810367,"355 Plainfield Street, Springfield, MA 01107"
02810475,"34 Kopernik Street, Springfield, MA 01151"
02810035,"1801 Parker Street, Springfield, MA 01128"
02810001,"15 Catherine Street, Springfield, MA 01104"
02810565,"303 Homestead Avenue, Holyoke, MA 01040"
02810010,"426 Armory Street, Springfield, MA 01104"
02810030,"367 Hancock Street, Springfield, MA 01105"
02810325,"46 Oakland Street, Springfield, MA 01108"
02810075,"90 Cherokee Dr, Springfield, MA 01109"
02810080,"58 Hartford Ter, Springfield, MA 01118"
02810575,"303 Homestead Avenue, Holyoke, MA 01040"
02810580,"1 Armory Square, Springfield, MA 01102"
02810195,"200 Birnie Avenue, Springfield, MA 01107"
02810065,"50 Morrison Terrace, Springfield, MA 01104"
02810068,"120 Ashland Avenue, Springfield, MA 01119"
02810510,"415 State Street, Springfield, MA 01105"
02810050,"20 Lydia Street, Springfield, MA 01109"
02810085,"43 Homer Street, Springfield, MA 01109"
02810100,"95 Milton Street, Indian Orchard, MA 01151"
02810328,"1385 Berkshire Avenue, Springfield, MA 01151"
02810320,"1015 Wilbraham Rd, Springfield, MA 01109"
02810110,"31 Kensington Avenue, Springfield, MA 01108"
02810115,"962 Carew Street, Springfield, MA 01104"
02810560,"Alderman Bldg, 37 Alderman Street, Springfield, MA 01108"
02810120,"732 Chestnut Street, Springfield, MA 01107"
02810330,"180 Cooley Street, Springfield, MA 01128"
02810060,"319 Cortland Street, Springfield, MA 01109"
02810125,"190 Surrey Rd, Springfield, MA 01118"
02810140,"315 No Branch Pkwy, Springfield, MA 01119"
02810155,"50 Empress Ct, Springfield, MA 01129"
02810145,"1435 Carew Street, Springfield, MA 01104"
02810023,"22 Mulberry Street, Springfield, MA 01105"
02810055,"55 Catherine Street, Springfield, MA 01109"
02810620,"1300 State Street, Springfield, MA 01109"
02810350,"60 Alton Street, Springfield, MA 01109"
02810020,"24 Bowles Park, Springfield, MA 01104"
02810355,"36 Margaret Street, Springfield, MA 01105"
02810500,"1840 Roosevelt Avenue, Springfield, MA 01109"
02810570,"Dickenson Bldg, 37 Alderman Street, Springfield, MA 01108"
02810530,"1250 State Street, Springfield, MA 01109"
02810005,"34 Nye Street, Springfield, MA 01104"
02810550,"90 Berkshire Street, Springfield, MA 01151"
02810345,"118 Alden Street, Springfield, MA 01109"
02810160,"45 Sumner Avenue, Springfield, MA 01108"
02810205,"1170 Carew Street, Springfield, MA 01104"
02810015,"52 Rosewell St, Springfield, MA 01109"
02810340,"1170 Carew Street, Springfield, MA 01104"
02810180,"493 Parker Street, Springfield, MA 01129"
02810185,"141 Washington Street, Springfield, MA 01108"
02810190,"300 White Street, Springfield, MA 01108"
02810045,"670 Union Street, Springfield, MA 01109"
35100205,"1 Federal Street, Building 101, Springfield, MA 01105"
02840005,"30 Avalon Road, Stoneham, MA 02180"
02840025,"70 Oak Street, Stoneham, MA 02180"
02840030,"11 Summer Street, Stoneham, MA 02180"
02840405,"101 Central Street, Stoneham, MA 02180"
02840505,"149 Franklin Street, Stoneham, MA 02180"
02850012,"137 Walnut Street, Stoughton, MA 02072"
02850010,"1800 Central Street, Stoughton, MA 02072"
02850025,"235 Morton Street, Stoughton, MA 02072"
02850014,"131 Pine Street, Stoughton, MA 02072"
02850405,"211 Cushing Street, Stoughton, MA 02072"
02850015,"171 Ash Street, Stoughton, MA 02072"
02850505,"232 Pearl Street, Stoughton, MA 02072"
02850020,"1322 Central Street, Stoughton, MA 02072"
02870005,"45 Burgess School Rd, Sturbridge, MA 01566"
04890505,"427 Main Street, Hyannis, MA 02601"
02880305,"22 Pratts Mill Road, Sudbury, MA 01776"
02880025,"472 Concord Road, Sudbury, MA 01776"
02880015,"80 Woodside Road, Sudbury, MA 01776"
02880010,"169 Haynes Road, Sudbury, MA 01776"
02880030,"280 Old Sudbury Road, Sudbury, MA 01776"
02890005,"1 Swampfield Drive, Sunderland, MA 01375"
02900003,"383 Boston Road, Sutton, MA 01590"
02900005,"Boston Rd, Sutton, MA 01590"
02900510,"Boston Rd, Sutton, MA 01590"
02900305,"Boston Rd, Sutton, MA 01590"
02910005,"100 Middlesex Avenue, Swampscott, MA 01907"
02910010,"24 Redington Street, Swampscott, MA 01907"
02910020,"10 Whitman Rd, Swampscott, MA 01907"
02910505,"200 Essex Street, Swampscott, MA 01907"
02910305,"207 Forrest Avenue, Swampscott, MA 01907"
02920006,"29 Gardners Neck Road, Swansea, MA 02777"
02920015,"10 Church Street, Swansea, MA 02777"
02920505,"70 School Street, Swansea, MA 02777"
02920305,"195 Main Street, Swansea, MA 02777"
02920020,"100 Pearse Road, Swansea, MA 02777"
02920017,"70 Community Lane, Swansea, MA 02777"
39020900,"141 Mansion Drive, East Walpole, MA 02032"
07700405,"320B Brookfield Rd, Fiskdale, MA 01518"
07700505,"319 Brookfield Rd, Fiskdale, MA 01518"
07700605,"319 Brookfield Rd, Fiskdale, MA 01518"
02930315,"500 Norton Avenue, Taunton, MA 02780"
02930010,"58R Stevens Street, East Taunton, MA 02718"
02930007,"47 North Walker Street, Taunton, MA 02780"
02930005,"36 Second Street, Taunton, MA 02780"
02930027,"215 Harris Street, Taunton, MA 02780"
02930057,"15 Sheridan Street, Taunton, MA 02780"
02930035,"16 Monroe Street, Taunton, MA 02780"
02930305,"60 Williams Street, Taunton, MA 02780"
02930008,"480 Norton Avenue, Taunton, MA 02780"
02930042,"131 Caswell Street, East Taunton, MA 02718"
02930015,"28 Clifford Street, Taunton, MA 02780"
02930525,"120 Cohannet Street, Taunton, MA 02780"
02930505,"50 Williams Street, Taunton, MA 02780"
02950010,"165 Shawsheen Street, Tewksbury, MA 01876"
02950023,"135 Pleasant Street, Tewksbury, MA 01876"
02950305,"1 Griffin Way, Tewksbury, MA 01876"
02950001,"1469 Andover Street, Tewksbury, MA 01876"
02950025,"12 Salem Rd, Tewksbury, MA 01876"
02950020,"133 North Street, Tewksbury, MA 01876"
02950505,"320 Pleasant Street, Tewksbury, MA 01876"
04740505,"500 Rindge Road, Fitchburg, MA 01420"
02960005,"40 West William Street, Po Box 878, Vineyard Haven, MA 02568"
02980005,"60 Main Street, Topsfield, MA 01983"
02980010,"261 Perkins Row, Topsfield, MA 01983"
08780605,"147 Pond Street, Franklin, MA 02038"
07730020,"63 Hanover Street, Newbury, MA 01951"
07730025,"191 Main Street, Rowley, MA 01969"
07730015,"100 Lafayette Rd., Salisbury, MA 01952"
07730505,"112 Elm Street, Byfield, MA 01922"
07730405,"112 Elm Street, Byfield, MA 01922"
03000005,"P O Box 2029, Truro, MA 02666"
03010020,"205 Westford Road   , Tyngsborough, MA 01879"
03010505,"36 Norris Rd, Tyngsborough, MA 01879"
03010305,"50 Norris Rd        , Tyngsborough, MA 01879"
04800405,"215 Dorchester Street, South Boston, MA 02127"
35050405,"35 Westville Street, Boston, MA 02124"
35120305,"90 Canal Street Suite 610, Boston, MA 02114"
07740010,"8 State Road , PO Box 60, Chilmark, MA 02535"
07740020,"401 Old County Road, PO Box 250, West Tisbury, MA 02575"
08790605,"220 Sandwich Rd, Bourne, MA 02532"
03040015,"62 Capron Street, Uxbridge, MA 01569"
03040005,"16 Granite Street, Uxbridge, MA 01569"
03040505,"300 Quaker Highway, Uxbridge, MA 01569"
03040020,"120 Granite Street, Uxbridge, MA 01569"
04980405,"370 Pine Street, Springfield, MA 01105"
07750310,"281 Main Street, Rutland, MA 01543"
07750315,"40 Boutelle Road, Sterling, MA 01564"
07750018,"78 Jamieson Road, Holden, MA 01520"
07750020,"155 Salisbury Street, Holden, MA 01520"
07750001,"1745 Main Street, Jefferson, MA 01522"
07750060,"65 Glenwood Road, Rutland, MA 01543"
07750027,"32 Boutelle Road, Sterling, MA 01564"
07750032,"351 Bullard Street, Holden, MA 01520"
07750305,"270 Shrewsbury Street, Holden, MA 01520"
07750005,"285 Main Street, Rutland, MA 01543"
07750040,"19 West Street, Paxton, MA 01612"
07750045,"170 Sterling Road, Princeton, MA 01541"
07750505,"1401 Main Street, Holden, MA 01520"
03050005,"340 Lowell Street, Wakefield, MA 01880"
03050001,"11 Paul Avenue, Wakefield, MA 01880"
03050310,"525 Main Street, Wakefield, MA 01880"
03050020,"1030 Main Street, Wakefield, MA 01880"
03050505,"60 Farm Street, Wakefield, MA 01880"
03050040,"18 Davidson Road, Wakefield, MA 01880"
03050015,"30 Farm Street, Wakefield, MA 01880"
03060005,"PO Box 247, Wales, MA 01081"
03070305,"625 Washington Street, East Walpole, MA 02032"
03070010,"1852 Washington Street, Walpole, MA 02081"
03070002,"415 Elm Street, Walpole, MA 02081"
03070310,"111 Robbins Road, Walpole, MA 02081"
03070005,"415 Elm Street, Walpole, MA 02081"
03070015,"65 Gould Street, Walpole, MA 02081"
03070018,"99 Old Post Road, East Walpole, MA 02032"
03070505,"275 Common Street, Walpole, MA 02081"
03080032,"494 Lincoln Street, Waltham, MA 02452"
03080065,"30 Parmenter Road, Waltham, MA 02453"
03080060,"140 Beal Road, Waltham, MA 02453"
03080404,"655 Lexington St, Waltham, MA 02452"
03080415,"75 Church Street, Waltham, MA 02453"
03080040,"70 Putney Lane, Waltham, MA 02452"
03080050,"20 Farnsworth Street, Waltham, MA 02451"
03080505,"617 Lexington Street, Waltham, MA 02452"
03080005,"250 South Street, Waltham, MA 02453"
03090020,"4 Gould Rd, Ware, MA 01082"
03090505,"237 West Street, Ware, MA 01082"
03090305,"239 West Street, Ware, MA 01082"
03100003,"760 Main Street, Wareham, MA 02576"
03100017,"85 Minot Avenue, Wareham, MA 02571"
03100315,"27 Depot Street, East Wareham, MA 02538"
03100305,"4 Viking Drive, Wareham, MA 02571"
03100505,"7 Viking Drive, Wareham, MA 02571"
03100310,"27 Depot Street, EastWareham, MA 02576"
03140015,"246 Warren Street, Watertown, MA 02472"
03140020,"1 Concord Rd, Watertown, MA 02472"
03140025,"175 Orchard Street, Watertown, MA 02472"
03140505,"50 Columbia Street, Watertown, MA 02472"
03140305,"68 Waverley Avenue, Watertown, MA 02472"
03150005,"40 Adams Lane, Wayland, MA 01778"
03150015,"63 Pequot Rd, Wayland, MA 01778"
03150020,"47 Loker Street, Wayland, MA 01778"
03150505,"264 Old Connecticut Path, Wayland, MA 01778"
03150305,"201 Main Street, Wayland, MA 01778"
03160505,"52 Lake Parkway, Webster, MA 01570"
03160015,"58 Park Avenue, Webster, MA 01570"
03160305,"75 Poland Street, Webster, MA 01570"
03170050,"35 Wynnewood Rd, Wellesley, MA 02481"
03170025,"28 Cameron Street, Wellesley, MA 02482"
03170020,"293 Weston Rd, Wellesley, MA 02482"
03170015,"45 Hastings Street, Wellesley, MA 02481"
03170005,"116 Elmwood Rd, Wellesley, MA 02481"
03170045,"27 Cedar Street, Wellesley, MA 02481"
03170048,"401 School Street, Wellesley, MA 02482"
03170305,"50 Kingsbury Street, Wellesley, MA 02481"
03170505,"50 Rice Street, Wellesley, MA 02481"
03180005,"100 Lawrence Road, Wellfleet, MA 02667"
03220005,"70 Crescent Street, West Boylston, MA 01583"
03220505,"125 Crescent Street, West Boylston, MA 01583"
03230305,"70 Howard Street, West Bridgewater, MA 02379"
03230003,"1 Stepping Stone Dr, West Bridgewater, MA 02379"
03230005,"2 Spring Street, West Bridgewater, MA 02379"
03230505,"155 West Center, West Bridgewater, MA 02379"
03320515,"174 Brush Hill Avenue, West Springfield, MA 01089"
03320001,"160 Park Street, West Springfield, MA 01089"
03320005,"88 Massasoit Avenue, West Springfield, MA 01089"
03320010,"784 Amostown Rd, West Springfield, MA 01089"
03320025,"201 Norman Street, West Springfield, MA 01089"
03320030,"26 Second Street, West Springfield, MA 01089"
03320007,"115 Southworth Street, West Springfield, MA 01089"
03320040,"61 Laurel Rd, West Springfield, MA 01089"
03320505,"425 Piper Road, West Springfield, MA 01089"
03320305,"31 Middle School Dr, West Springfield, MA 01089"
03210010,"50 Eli Whitney Street, Westborough, MA 01581"
03210025,"111 East Main Street, Westborough, MA 01581"
03210005,"18 Fisher Street, Westborough, MA 01581"
03210045,"6 Olde Hickory Path, Westborough, MA 01581"
03210305,"20 Fisher Street, Westborough, MA 01581"
03210505,"90 West Main Street, Westborough, MA 01581"
03250020,"50 West Silver Street, Westfield, MA 01085"
03250003,"35 White Street, Westfield, MA 01085"
03250015,"22 Franklin Avenue, Westfield, MA 01085"
03250025,"34 Western Avenue, Westfield, MA 01085"
03250055,"715 Western Avenue, Westfield, MA 01085"
03250033,"33 Mallard Lane, Westfield, MA 01085"
03250305,"350 Southampton Road, Westfield, MA 01085"
03250036,"148 Paper Mill Rd, Westfield, MA 01085"
03250310,"30 West Silver Street, Westfield, MA 01085"
03250040,"330 Southampton Rd, Westfield, MA 01085"
03250505,"177 Montgomery Rd, Westfield, MA 01085"
03250605,"33 Smith Avenue, Westfield, MA 01085"
03260004,"25 Depot Street, Westford, MA 01886"
03260310,"14 West Street, Westford, MA 01886"
03260025,"60 Robinson/Concord Rds, Westford, MA 01886"
03260007,"75 East Prescott Street, Westford, MA 01886"
03260045,"13 Robinson Road, Westford, MA 01886"
03260013,"23 Depot Street, Westford, MA 01886"
03260015,"99 Plain Rd, Westford, MA 01886"
03260055,"1 Mitchell Way, Westford, MA 01886"
03260330,"9 Farmer Way, Westford, MA 01886"
03260505,"30 Patten Road, Westford, MA 01886"
03270005,"37 Kings Highway, Westhampton, MA 01027"
03300010,"2 Alphabet Lane, Weston, MA 02493"
03300012,"16 Alphabet Lane, Weston, MA 02493"
03300505,"444 Wellesley Street, Weston, MA 02493"
03300305,"456 Wellesley Street, Weston, MA 02493"
03300015,"10 Alphabet Lane, Weston, MA 02493"
03310015,"154 Gifford Road, Westport, MA 02790"
03310030,"380 Old County Rd, Westport, MA 02790"
03310505,"19 Main Rd, Westport, MA 02790"
03310305,"400 Old County Rd, Westport, MA 02790"
03350010,"72 Deerfield Avenue, Westwood, MA 02090"
03350012,"250 Downey Street, Westwood, MA 02090"
03350305,"850 High Street, Westwood, MA 02090"
03350017,"80 Martha Jones Rd, Westwood, MA 02090"
03350015,"790 Gay Street, Westwood, MA 02090"
03350505,"200 Nahatan Street, Westwood, MA 02090"
03350050,"200 Nahatan Street, Westwood, MA 02090"
03350025,"549 Pond St, Westwood, MA 02090"
03360310,"89 Middle Street, East Weymouth, MA 02189"
03360005,"94 Academy Avenue, Weymouth, MA 02189"
03360050,"417 Front Street, Weymouth, MA 02188"
03360003,"70 Pearl Street, Weymouth, MA 02191"
03360065,"1250 Commercial Street, Weymouth, MA 02189"
03360020,"1051 Commercial Street, Weymouth, MA 02189"
03360085,"277 Ralph Talbot Street, South Weymouth, MA 02190"
03360060,"1003 Front Street, Weymouth, MA 02190"
03360105,"400 Union Street, South Weymouth, MA 02190"
03360110,"75 Pilgrim Road, North Weymouth, MA 02191"
03360505,"1 Wildcat Way, Weymouth, MA 02190"
03360080,"770 Middle Street, Weymouth, MA 02188"
03370005,"273 Long Plain Rd., Whately, MA 01093"
07800315,"111 Liberty Street, Hanson, MA 02341"
07800035,"720 Indian Head Street, Hanson, MA 02341"
07800030,"60 Regal Street, Whitman, MA 02382"
07800010,"100 Forest Street, Whitman, MA 02382"
07800025,"38 School Street, Hanson, MA 02341"
07800505,"600 Franklin Street, Whitman, MA 02382"
07800310,"101 Corthell Avenue, Whitman, MA 02382"
08850605,"115 Amesbury Line Rd, Haverhill, MA 01830"
03400020,"1 Petticoat Hill, Williamsburg, MA 01096"
03410010,"115 Church Street, Williamstown, MA 01267"
03420005,"17 Boutwell Street, Wilmington, MA 01887"
03420060,"320 Salem Street, Wilmington, MA 01887"
03420025,"298 Shawsheen Avenue, Wilmington, MA 01887"
03420080,"22 Carter Lane, Wilmington, MA 01887"
03420015,"182 Wildwood Street, Wilmington, MA 01887"
03420505,"159 Church Street, Wilmington, MA 01887"
03420330,"25 Carter Lane, Wilmington, MA 01887"
03420020,"227 Woburn Street, Wilmington, MA 01887"
03430040,"32 Elmwood Rd, Winchendon, MA 01475"
03430515,"3 Memorial Drive, Winchendon, MA 01475"
03430315,"3 Memorial Drive, Winchendon, MA 01475"
03430050,"175 Grove Street, Winchendon, MA 01475"
03430010,"32 Elmwood Rd, Winchendon, MA 01475"
03440045,"27 High Street, Winchester, MA 01890"
03440005,"161 Mystic Valley Parkway, Winchester, MA 01890"
03440020,"10 Brantwood Road, Winchester, MA 01890"
03440305,"458 Main Street, Winchester, MA 01890"
03440040,"33 Bates Road, Winchester, MA 01890"
03440025,"75 Johnson Road, Winchester, MA 01890"
03440505,"80 Skillings Road, Winchester, MA 01890"
03460020,"40 Hermon Street, Winthrop, MA 02152"
03460015,"101 Kennedy Drive, Winthrop, MA 02152"
03460505,"400 Main Street, Winthrop, MA 02152"
03470040,"240 Lexington Street, Woburn, MA 01801"
03470410,"55 Locust Street, Woburn, MA 01801"
03470020,"69 Bedford Rd, Woburn, MA 01801"
03470005,"41 Central Street, Woburn, MA 01801"
03470405,"33 Middle Street, Woburn, MA 01801"
03470025,"86 Elm Street, Woburn, MA 01801"
03470055,"36 Bow Street, Woburn, MA 01801"
03470065,"990 Main Street, Woburn, MA 01801"
03470043,"60 Green Street, Woburn, MA 01801"
03470505,"88 Montvale Avenue, Woburn, MA 01801"
03470060,"677 Main/Eaton Avenue, Woburn, MA 01801"
03480020,"170 Belmont Street, Worcester, MA 01605"
03480405,"135 Burncoat Street, Worcester, MA 01606"
03480503,"179 Burncoat Street, Worcester, MA 01606"
03480035,"526 Burncoat Street, Worcester, MA 01606"
03480045,"129 Canterbury Street, Worcester, MA 01603"
03480050,"114 Chandler Street, Worcester, MA 01609"
03480052,"525 Chandler Street, Worcester, MA 01602"
03480053,"80 Prospect Street, Worcester, MA 01605"
03480350,"15 Claremont Street, Worcetser, MA 01610"
03480055,"280 Clark Street, Worcester, MA 01606"
03480060,"75 Lovell Street, Worcester, MA 01603"
03480512,"299 Highland Street, Worcester, MA 01602"
03480095,"23 North Ashland Street, Worcester, MA 01609"
03480090,"115 Flagg Street, Worcester, MA 01602"
03480415,"495 Grove Street, Worcester, MA 01605"
03480177,"493 Grove Street, Worcester, MA 01605"
03480110,"1238 Main Street, Worcester, MA 01603"
03480100,"14 Richards Street, Worcester, MA 01603"
03480115,"311 Grafton Street, Worcester, MA 01604"
03480002,"770 Main Street, Worcester, MA 01610"
03480136,"200 Heard Street, Worcester, MA 01603"
03480140,"772 Main Street, Worcester, MA 01610"
03480145,"133 Coburn Avenue, Worcester, MA 01604"
03480160,"549 Lincoln Street, Worcester, MA 01605"
03480175,"265 May Street, Worcester, MA 01602"
03480185,"18 Midland Street, Worcester, MA 01602"
03480200,"35 Nelson Pl, Worcester, MA 01605"
03480202,"44 Malden Street, Worcester, MA 01606"
03480515,"140 Harrington Way, Worcester, MA 01604"
03480210,"14 Blackstone River Rd., Worcester, MA 01607"
03480215,"76 Massasoit Rd, Worcester, MA 01604"
03480220,"1006 Grafton Street, Worcester, MA 01604"
03480520,"170 Apricot Street, Worcester, MA 01603"
03480423,"140 Apricot Street, Worcester, MA 01603"
03480230,"1083 Pleasant Street, Worcester, MA 01602"
03480235,"30 Thorndyke Rd, Worcester, MA 01606"
03480240,"1 Chapin Street, Worcester, MA 01604"
03480285,"12 Freeland Street, Worcester, MA 01610"
03480280,"211 Providence Street, Worcester, MA 01607"
03480026,"20 Wawecus Rd, Worcester, MA 01605"
03480260,"300 Mower Street, Worcester, MA 01602"
03480030,"93 Woodland Street, Worcester, MA 01610"
03480225,"315 St Nicholas Avenue, Worcester, MA 01606"
03480420,"420 Grafton Street, Worcester, MA 01604"
03480605,"1 Skyline Drive, Worcester, MA 01605"
03500010,"120 Taunton Street, Wrentham, MA 02093"
03500003,"120 Taunton Street, Wrentham, MA 02093"
